# Blender 4.3.2
# www.blender.org
mtllib vanderbilt.mtl
o Terrain
v -467.081421 -11.210000 -644.229431
v -442.112885 -11.210000 -644.228149
v -417.144318 -11.210000 -644.226929
v -392.175781 -10.210000 -644.225769
v -367.207214 -10.210000 -644.224670
v -342.238647 -9.210000 -644.223633
v -317.270111 -7.210000 -644.222717
v -292.301544 -6.210000 -644.221802
v -267.333008 -5.210000 -644.221008
v -242.364441 -4.210000 -644.220276
v -217.395889 -5.210000 -644.219666
v -192.427338 -5.210000 -644.219055
v -167.458786 -5.210000 -644.218567
v -142.490219 -6.210000 -644.218079
v -117.521667 -8.210000 -644.217712
v -92.553116 -10.210000 -644.217407
v -67.584564 -12.210000 -644.217224
v -42.616005 -12.210000 -644.217041
v -17.647453 -11.210000 -644.216980
v 7.321102 -10.210000 -644.216919
v 32.289658 -8.210000 -644.216980
v 57.258209 -9.210000 -644.217102
v 82.226768 -9.210000 -644.217346
v 107.195320 -8.210000 -644.217590
v 132.163879 -8.210000 -644.217957
v 157.132431 -8.210000 -644.218323
v 182.100983 -9.210000 -644.218811
v 207.069534 -11.210000 -644.219421
v 232.038086 -11.210000 -644.220032
v 257.006653 -11.210000 -644.220703
v 281.975189 -10.210000 -644.221497
v 306.943756 -10.210000 -644.222351
v 331.912323 -10.210000 -644.223267
v 356.880859 -10.210000 -644.224243
v 381.849426 -10.210000 -644.225281
v 406.817963 -11.210000 -644.226440
v 431.786530 -11.210000 -644.227600
v 456.755096 -13.210000 -644.228882
v -467.083099 -11.210000 -613.307373
v -442.114441 -11.210000 -613.306030
v -417.145813 -10.210000 -613.304810
v -392.177155 -10.210000 -613.303650
v -367.208527 -10.210000 -613.302551
v -342.239868 -8.210000 -613.301575
v -317.271240 -7.210000 -613.300598
v -292.302582 -5.210000 -613.299744
v -267.333954 -4.210000 -613.298950
v -242.365295 -5.210000 -613.298218
v -217.396652 -4.210000 -613.297546
v -192.428009 -4.210000 -613.296997
v -167.459366 -6.210000 -613.296448
v -142.490723 -7.210000 -613.296021
v -117.522087 -9.210000 -613.295654
v -92.553444 -11.210000 -613.295349
v -67.584801 -9.210000 -613.295105
v -42.616158 -9.210000 -613.294983
v -17.647514 -8.210000 -613.294861
v 7.321128 -8.210000 -613.294861
v 32.289772 -8.210000 -613.294922
v 57.258415 -7.210000 -613.295044
v 82.227058 -7.210000 -613.295227
v 107.195702 -6.210000 -613.295532
v 132.164337 -7.210000 -613.295837
v 157.132980 -7.210000 -613.296265
v 182.101624 -9.210000 -613.296753
v 207.070267 -10.210000 -613.297302
v 232.038910 -11.210000 -613.297913
v 257.007568 -10.210000 -613.298645
v 281.976196 -10.210000 -613.299438
v 306.944855 -10.210000 -613.300232
v 331.913483 -9.210000 -613.301147
v 356.882141 -9.210000 -613.302124
v 381.850769 -10.210000 -613.303223
v 406.819427 -10.210000 -613.304321
v 431.788055 -10.210000 -613.305542
v 456.756714 -11.210000 -613.306824
v -467.084747 -10.210000 -582.385254
v -442.115997 -10.210000 -582.383972
v -417.147278 -9.210000 -582.382751
v -392.178558 -9.210000 -582.381592
v -367.209808 -6.210000 -582.380493
v -342.241089 -6.210000 -582.379456
v -317.272339 -5.210000 -582.378540
v -292.303619 -5.210000 -582.377686
v -267.334900 -4.210000 -582.376892
v -242.366165 -3.210000 -582.376160
v -217.397430 -2.210000 -582.375488
v -192.428696 -3.210000 -582.374878
v -167.459961 -6.210000 -582.374390
v -142.491226 -8.210000 -582.373962
v -117.522499 -10.210000 -582.373596
v -92.553772 -9.210000 -582.373291
v -67.585037 -9.210000 -582.373047
v -42.616310 -8.210000 -582.372864
v -17.647577 -8.210000 -582.372803
v 7.321154 -7.210000 -582.372803
v 32.289886 -6.210000 -582.372864
v 57.258617 -5.210000 -582.372986
v 82.227348 -5.210000 -582.373169
v 107.196075 -6.210000 -582.373413
v 132.164810 -6.210000 -582.373779
v 157.133545 -7.210000 -582.374207
v 182.102280 -7.210000 -582.374695
v 207.070999 -9.210000 -582.375244
v 232.039734 -10.210000 -582.375854
v 257.008453 -10.210000 -582.376587
v 281.977203 -9.210000 -582.377319
v 306.945923 -9.210000 -582.378174
v 331.914673 -9.210000 -582.379089
v 356.883392 -9.210000 -582.380066
v 381.852112 -9.210000 -582.381104
v 406.820862 -9.210000 -582.382263
v 431.789581 -10.210000 -582.383423
v 456.758331 -12.210000 -582.384705
v -467.086395 -10.210000 -551.463196
v -442.117584 -9.210000 -551.461914
v -417.148743 -8.210000 -551.460632
v -392.179932 -7.210000 -551.459473
v -367.211121 -7.210000 -551.458435
v -342.242310 -6.210000 -551.457397
v -317.273468 -4.210000 -551.456482
v -292.304657 -4.210000 -551.455566
v -267.335846 -4.210000 -551.454773
v -242.367020 -3.210000 -551.454041
v -217.398193 -3.210000 -551.453430
v -192.429382 -4.210000 -551.452820
v -167.460556 -6.210000 -551.452271
v -142.491745 -9.210000 -551.451843
v -117.522919 -8.210000 -551.451477
v -92.554100 -8.210000 -551.451172
v -67.585281 -8.210000 -551.450928
v -42.616459 -7.210000 -551.450806
v -17.647640 -7.210000 -551.450684
v 7.321180 -6.210000 -551.450684
v 32.290001 -4.210000 -551.450745
v 57.258820 -3.210000 -551.450867
v 82.227638 -3.210000 -551.451111
v 107.196457 -4.210000 -551.451355
v 132.165283 -5.210000 -551.451721
v 157.134094 -6.210000 -551.452087
v 182.102921 -7.210000 -551.452576
v 207.071732 -8.210000 -551.453125
v 232.040558 -9.210000 -551.453796
v 257.009369 -9.210000 -551.454468
v 281.978210 -10.210000 -551.455261
v 306.947021 -9.210000 -551.456116
v 331.915833 -8.210000 -551.457031
v 356.884644 -8.210000 -551.458008
v 381.853485 -8.210000 -551.459045
v 406.822296 -9.210000 -551.460144
v 431.791107 -9.210000 -551.461365
v 456.759949 -12.210000 -551.462646
v -467.088043 -9.210000 -520.541138
v -442.119141 -9.210000 -520.539795
v -417.150238 -9.210000 -520.538574
v -392.181335 -7.210000 -520.537415
v -367.212402 -5.210000 -520.536316
v -342.243500 -5.210000 -520.535339
v -317.274597 -4.210000 -520.534363
v -292.305695 -3.210000 -520.533508
v -267.336792 -4.210000 -520.532715
v -242.367874 -3.210000 -520.531982
v -217.398972 -3.210000 -520.531311
v -192.430054 -5.210000 -520.530762
v -167.461151 -7.210000 -520.530212
v -142.492249 -7.210000 -520.529785
v -117.523338 -8.210000 -520.529419
v -92.554428 -7.210000 -520.529114
v -67.585518 -6.210000 -520.528870
v -42.616611 -6.210000 -520.528748
v -17.647703 -4.210000 -520.528625
v 7.321206 -4.210000 -520.528625
v 32.290115 -3.210000 -520.528687
v 57.259022 -2.210000 -520.528809
v 82.227928 -2.210000 -520.528992
v 107.196838 -3.210000 -520.529297
v 132.165741 -4.210000 -520.529602
v 157.134659 -5.210000 -520.530029
v 182.103561 -6.210000 -520.530518
v 207.072464 -7.210000 -520.531067
v 232.041382 -8.210000 -520.531677
v 257.010284 -8.210000 -520.532410
v 281.979187 -8.210000 -520.533142
v 306.948090 -8.210000 -520.533997
v 331.917023 -8.210000 -520.534912
v 356.885925 -8.210000 -520.535889
v 381.854828 -9.210000 -520.536987
v 406.823730 -9.210000 -520.538086
v 431.792633 -11.210000 -520.539307
v 456.761566 -13.210000 -520.540588
v -467.089691 -10.210000 -489.619019
v -442.120697 -10.210000 -489.617737
v -417.151703 -9.210000 -489.616486
v -392.182709 -7.210000 -489.615326
v -367.213715 -6.210000 -489.614258
v -342.244720 -5.210000 -489.613251
v -317.275726 -4.210000 -489.612305
v -292.306732 -3.210000 -489.611420
v -267.337738 -3.210000 -489.610626
v -242.368729 -4.210000 -489.609894
v -217.399734 -4.210000 -489.609253
v -192.430740 -6.210000 -489.608643
v -167.461746 -7.210000 -489.608124
v -142.492752 -7.210000 -489.607697
v -117.523750 -7.210000 -489.607330
v -92.554756 -6.210000 -489.607025
v -67.585754 -6.210000 -489.606781
v -42.616760 -4.210000 -489.606628
v -17.647764 -3.210000 -489.606537
v 7.321232 -4.210000 -489.606537
v 32.290230 -1.210000 -489.606598
v 57.259224 -1.210000 -489.606720
v 82.228218 -2.210000 -489.606934
v 107.197220 -2.210000 -489.607178
v 132.166214 -3.210000 -489.607544
v 157.135208 -3.210000 -489.607941
v 182.104202 -4.210000 -489.608429
v 207.073212 -6.210000 -489.608978
v 232.042206 -6.210000 -489.609619
v 257.011200 -7.210000 -489.610321
v 281.980194 -7.210000 -489.611084
v 306.949188 -7.210000 -489.611938
v 331.918182 -8.210000 -489.612854
v 356.887177 -8.210000 -489.613831
v 381.856171 -9.210000 -489.614868
v 406.825165 -10.210000 -489.615997
v 431.794159 -13.210000 -489.617218
v 456.763184 -13.210000 -489.618469
v -467.091370 -10.210000 -458.696960
v -442.122284 -10.210000 -458.695648
v -417.153198 -9.210000 -458.694427
v -392.184113 -7.210000 -458.693268
v -367.215027 -6.210000 -458.692169
v -342.245941 -5.210000 -458.691162
v -317.276855 -5.210000 -458.690216
v -292.307770 -4.210000 -458.689331
v -267.338684 -3.210000 -458.688538
v -242.369598 -3.210000 -458.687805
v -217.400513 -5.210000 -458.687164
v -192.431427 -5.210000 -458.686584
v -167.462341 -6.210000 -458.686066
v -142.493256 -6.210000 -458.685608
v -117.524170 -6.210000 -458.685242
v -92.555084 -5.210000 -458.684937
v -67.585999 -4.210000 -458.684723
v -42.616913 -2.210000 -458.684570
v -17.647827 -1.210000 -458.684479
v 7.321258 -1.210000 -458.684448
v 32.290344 -1.210000 -458.684509
v 57.259426 -0.210000 -458.684631
v 82.228516 -0.210000 -458.684845
v 107.197601 -0.210000 -458.685120
v 132.166687 -1.210000 -458.685455
v 157.135773 -2.210000 -458.685852
v 182.104858 -2.210000 -458.686340
v 207.073944 -4.210000 -458.686920
v 232.043030 -6.210000 -458.687531
v 257.012115 -5.210000 -458.688232
v 281.981201 -7.210000 -458.688995
v 306.950287 -9.210000 -458.689850
v 331.919373 -8.210000 -458.690765
v 356.888458 -9.210000 -458.691742
v 381.857544 -9.210000 -458.692810
v 406.826630 -10.210000 -458.693939
v 431.795715 -13.210000 -458.695129
v 456.764801 -13.210000 -458.696411
v -467.093018 -9.210000 -427.774872
v -442.123840 -10.210000 -427.773560
v -417.154663 -9.210000 -427.772339
v -392.185486 -8.210000 -427.771179
v -367.216309 -7.210000 -427.770081
v -342.247131 -6.210000 -427.769073
v -317.277985 -5.210000 -427.768127
v -292.308807 -4.210000 -427.767273
v -267.339630 -4.210000 -427.766449
v -242.370453 -4.210000 -427.765747
v -217.401276 -4.210000 -427.765076
v -192.432098 -5.210000 -427.764496
v -167.462936 -6.210000 -427.763977
v -142.493759 -4.210000 -427.763519
v -117.524582 -3.210000 -427.763153
v -92.555412 -3.210000 -427.762848
v -67.586235 -3.210000 -427.762634
v -42.617062 -2.210000 -427.762482
v -17.647890 -2.210000 -427.762390
v 7.321283 -0.210000 -427.762360
v 32.290459 0.790000 -427.762421
v 57.259632 1.790000 -427.762573
v 82.228806 1.790000 -427.762756
v 107.197975 0.790000 -427.763031
v 132.167145 0.790000 -427.763367
v 157.136322 -1.210000 -427.763794
v 182.105499 -2.210000 -427.764282
v 207.074677 -3.210000 -427.764832
v 232.043839 -4.210000 -427.765442
v 257.013031 -4.210000 -427.766144
v 281.982178 -4.210000 -427.766937
v 306.951355 -7.210000 -427.767761
v 331.920532 -9.210000 -427.768677
v 356.889709 -9.210000 -427.769653
v 381.858887 -10.210000 -427.770721
v 406.828064 -11.210000 -427.771851
v 431.797241 -13.210000 -427.773041
v 456.766418 -13.210000 -427.774323
v -467.094666 -10.210000 -396.852783
v -442.125397 -9.210000 -396.851471
v -417.156128 -9.210000 -396.850250
v -392.186890 -8.210000 -396.849091
v -367.217621 -8.210000 -396.848022
v -342.248352 -6.210000 -396.846985
v -317.279083 -4.210000 -396.846069
v -292.309845 -5.210000 -396.845184
v -267.340576 -5.210000 -396.844391
v -242.371307 -5.210000 -396.843658
v -217.402054 -6.210000 -396.842987
v -192.432785 -5.210000 -396.842407
v -167.463516 -4.210000 -396.841888
v -142.494263 -3.210000 -396.841461
v -117.525002 -2.210000 -396.841095
v -92.555740 -2.210000 -396.840790
v -67.586479 -3.210000 -396.840546
v -42.617214 -2.210000 -396.840393
v -17.647953 -1.210000 -396.840302
v 7.321310 0.790000 -396.840302
v 32.290573 1.790000 -396.840363
v 57.259834 1.790000 -396.840485
v 82.229095 2.790000 -396.840668
v 107.198357 2.790000 -396.840942
v 132.167618 1.790000 -396.841278
v 157.136887 0.790000 -396.841705
v 182.106140 -0.210000 -396.842194
v 207.075409 -2.210000 -396.842743
v 232.044662 -3.210000 -396.843384
v 257.013916 -4.210000 -396.844086
v 281.983185 -4.210000 -396.844849
v 306.952454 -4.210000 -396.845673
v 331.921722 -8.210000 -396.846588
v 356.890961 -9.210000 -396.847595
v 381.860229 -10.210000 -396.848633
v 406.829498 -11.210000 -396.849762
v 431.798767 -12.210000 -396.850983
v 456.768036 -12.210000 -396.852234
v -467.096313 -9.210000 -365.930695
v -442.126984 -9.210000 -365.929413
v -417.157623 -8.210000 -365.928162
v -392.188263 -8.210000 -365.927032
v -367.218933 -7.210000 -365.925934
v -342.249573 -6.210000 -365.924927
v -317.280212 -6.210000 -365.923981
v -292.310883 -5.210000 -365.923096
v -267.341522 -5.210000 -365.922302
v -242.372162 -5.210000 -365.921570
v -217.402817 -3.210000 -365.920929
v -192.433472 -3.210000 -365.920319
v -167.464111 -2.210000 -365.919830
v -142.494766 -2.210000 -365.919373
v -117.525414 -2.210000 -365.919006
v -92.556068 -1.210000 -365.918701
v -67.586716 -1.210000 -365.918457
v -42.617367 -1.210000 -365.918304
v -17.648014 -0.210000 -365.918213
v 7.321335 1.790000 -365.918213
v 32.290688 1.790000 -365.918274
v 57.260036 2.790000 -365.918396
v 82.229385 3.790000 -365.918610
v 107.198738 2.790000 -365.918854
v 132.168091 2.790000 -365.919220
v 157.137436 1.790000 -365.919617
v 182.106781 -0.210000 -365.920105
v 207.076141 -1.210000 -365.920654
v 232.045486 -2.210000 -365.921295
v 257.014832 -3.210000 -365.921997
v 281.984192 -6.210000 -365.922760
v 306.953552 -7.210000 -365.923615
v 331.922882 -7.210000 -365.924530
v 356.892242 -9.210000 -365.925507
v 381.861603 -10.210000 -365.926575
v 406.830933 -11.210000 -365.927673
v 431.800293 -11.210000 -365.928894
v 456.769653 -10.210000 -365.930145
v -467.097961 -8.210000 -335.008636
v -442.128540 -8.210000 -335.007324
v -417.159088 -8.210000 -335.006104
v -392.189667 -6.210000 -335.004944
v -367.220215 -6.210000 -335.003845
v -342.250793 -6.210000 -335.002838
v -317.281342 -6.210000 -335.001892
v -292.311890 -4.210000 -335.001007
v -267.342468 -4.210000 -335.000214
v -242.373032 -4.210000 -334.999481
v -217.403595 -3.210000 -334.998840
v -192.434143 -3.210000 -334.998260
v -167.464706 -2.210000 -334.997742
v -142.495270 -2.210000 -334.997284
v -117.525833 -3.210000 -334.996918
v -92.556396 -0.210000 -334.996613
v -67.586952 -1.210000 -334.996399
v -42.617516 -0.210000 -334.996246
v -17.648077 1.790000 -334.996155
v 7.321362 2.790000 -334.996124
v 32.290798 3.790000 -334.996185
v 57.260239 3.790000 -334.996307
v 82.229675 4.790000 -334.996521
v 107.199120 3.790000 -334.996796
v 132.168549 3.790000 -334.997131
v 157.138000 1.790000 -334.997528
v 182.107437 0.790000 -334.998016
v 207.076874 -0.210000 -334.998596
v 232.046310 -2.210000 -334.999207
v 257.015747 -2.210000 -334.999908
v 281.985199 -4.210000 -335.000671
v 306.954620 -5.210000 -335.001526
v 331.924072 -6.210000 -335.002441
v 356.893494 -6.210000 -335.003418
v 381.862946 -10.210000 -335.004486
v 406.832367 -10.210000 -335.005615
v 431.801819 -11.210000 -335.006805
v 456.771271 -9.210000 -335.008087
v -467.099640 -8.210000 -304.086548
v -442.130096 -7.210000 -304.085236
v -417.160583 -7.210000 -304.084015
v -392.191040 -7.210000 -304.082855
v -367.221527 -6.210000 -304.081757
v -342.251984 -6.210000 -304.080750
v -317.282471 -4.210000 -304.079803
v -292.312927 -4.210000 -304.078949
v -267.343414 -4.210000 -304.078156
v -242.373886 -4.210000 -304.077423
v -217.404358 -3.210000 -304.076752
v -192.434830 -1.210000 -304.076172
v -167.465302 -0.210000 -304.075653
v -142.495773 0.790000 -304.075226
v -117.526245 0.790000 -304.074829
v -92.556725 0.790000 -304.074524
v -67.587196 0.790000 -304.074310
v -42.617668 1.790000 -304.074158
v -17.648140 2.790000 -304.074066
v 7.321387 3.790000 -304.074066
v 32.290913 3.790000 -304.074097
v 57.260441 4.790000 -304.074249
v 82.229965 4.790000 -304.074432
v 107.199493 4.790000 -304.074707
v 132.169022 3.790000 -304.075043
v 157.138550 1.790000 -304.075470
v 182.108078 0.790000 -304.075958
v 207.077606 0.790000 -304.076508
v 232.047134 -2.210000 -304.077118
v 257.016663 -2.210000 -304.077820
v 281.986176 -3.210000 -304.078613
v 306.955719 -5.210000 -304.079437
v 331.925232 -6.210000 -304.080353
v 356.894775 -6.210000 -304.081329
v 381.864288 -8.210000 -304.082397
v 406.833832 -9.210000 -304.083527
v 431.803345 -10.210000 -304.084717
v 456.772888 -9.210000 -304.085999
v -467.101288 -8.210000 -273.164459
v -442.131653 -6.210000 -273.163147
v -417.162048 -7.210000 -273.161926
v -392.192444 -7.210000 -273.160767
v -367.222809 -6.210000 -273.159698
v -342.253204 -5.210000 -273.158661
v -317.283600 -5.210000 -273.157745
v -292.313965 -4.210000 -273.156860
v -267.344360 -4.210000 -273.156067
v -242.374741 -2.210000 -273.155334
v -217.405121 -1.210000 -273.154663
v -192.435516 -1.210000 -273.154083
v -167.465897 0.790000 -273.153564
v -142.496277 1.790000 -273.153137
v -117.526665 1.790000 -273.152771
v -92.557053 2.790000 -273.152466
v -67.587433 1.790000 -273.152222
v -42.617817 2.790000 -273.152069
v -17.648203 3.790000 -273.151978
v 7.321413 4.790000 -273.151978
v 32.291027 4.790000 -273.152039
v 57.260643 5.790000 -273.152161
v 82.230263 5.790000 -273.152344
v 107.199875 5.790000 -273.152618
v 132.169495 3.790000 -273.152954
v 157.139114 2.790000 -273.153381
v 182.108719 1.790000 -273.153870
v 207.078339 0.790000 -273.154419
v 232.047958 -0.210000 -273.155060
v 257.017578 -1.210000 -273.155762
v 281.987183 -2.210000 -273.156525
v 306.956787 -3.210000 -273.157349
v 331.926422 -4.210000 -273.158264
v 356.896027 -5.210000 -273.159271
v 381.865662 -7.210000 -273.160309
v 406.835266 -9.210000 -273.161438
v 431.804871 -9.210000 -273.162659
v 456.774506 -9.210000 -273.163910
v -467.102936 -8.210000 -242.242386
v -442.133240 -7.210000 -242.241074
v -417.163544 -6.210000 -242.239853
v -392.193817 -6.210000 -242.238693
v -367.224121 -6.210000 -242.237610
v -342.254425 -5.210000 -242.236588
v -317.284698 -5.210000 -242.235657
v -292.315002 -5.210000 -242.234787
v -267.345306 -3.210000 -242.233978
v -242.375595 -1.210000 -242.233246
v -217.405899 -1.210000 -242.232590
v -192.436188 0.790000 -242.232010
v -167.466492 1.790000 -242.231491
v -142.496780 2.790000 -242.231049
v -117.527084 3.790000 -242.230682
v -92.557381 3.790000 -242.230377
v -67.587669 3.790000 -242.230148
v -42.617970 3.790000 -242.229996
v -17.648266 4.790000 -242.229904
v 7.321439 5.790000 -242.229889
v 32.291142 5.790000 -242.229950
v 57.260849 5.790000 -242.230072
v 82.230553 5.790000 -242.230270
v 107.200256 5.790000 -242.230545
v 132.169952 4.790000 -242.230881
v 157.139664 3.790000 -242.231293
v 182.109360 3.790000 -242.231781
v 207.079071 2.790000 -242.232346
v 232.048782 1.790000 -242.232971
v 257.018494 -0.210000 -242.233673
v 281.988190 -1.210000 -242.234436
v 306.957886 -2.210000 -242.235275
v 331.927582 -3.210000 -242.236191
v 356.897308 -3.210000 -242.237183
v 381.867004 -9.210000 -242.238235
v 406.836700 -9.210000 -242.239365
v 431.806396 -8.210000 -242.240570
v 456.776123 -8.210000 -242.241837
v -467.104584 -7.210000 -211.320297
v -442.134796 -6.210000 -211.319000
v -417.165009 -6.210000 -211.317764
v -392.195221 -6.210000 -211.316620
v -367.225433 -6.210000 -211.315521
v -342.255615 -6.210000 -211.314514
v -317.285828 -5.210000 -211.313568
v -292.316040 -5.210000 -211.312698
v -267.346252 -5.210000 -211.311905
v -242.376465 -3.210000 -211.311172
v -217.406662 -2.210000 -211.310516
v -192.436874 -0.210000 -211.309921
v -167.467087 0.790000 -211.309418
v -142.497284 2.790000 -211.308975
v -117.527496 3.790000 -211.308594
v -92.557701 3.790000 -211.308289
v -67.587914 4.790000 -211.308060
v -42.618118 4.790000 -211.307907
v -17.648327 5.790000 -211.307831
v 7.321465 5.790000 -211.307816
v 32.291256 6.790000 -211.307861
v 57.261051 6.790000 -211.307999
v 82.230843 7.790000 -211.308197
v 107.200638 6.790000 -211.308456
v 132.170425 5.790000 -211.308807
v 157.140213 5.790000 -211.309219
v 182.110016 4.790000 -211.309708
v 207.079803 3.790000 -211.310257
v 232.049591 2.790000 -211.310883
v 257.019379 1.790000 -211.311584
v 281.989197 -0.210000 -211.312363
v 306.958984 -1.210000 -211.313202
v 331.928772 -3.210000 -211.314117
v 356.898560 -3.210000 -211.315094
v 381.868347 -6.210000 -211.316162
v 406.838135 -8.210000 -211.317276
v 431.807922 -7.210000 -211.318481
v 456.777740 -8.210000 -211.319748
v -467.106232 -6.210000 -180.398224
v -442.136353 -6.210000 -180.396912
v -417.166473 -6.210000 -180.395691
v -392.196594 -6.210000 -180.394531
v -367.226715 -6.210000 -180.393448
v -342.256836 -5.210000 -180.392426
v -317.286957 -5.210000 -180.391495
v -292.317078 -5.210000 -180.390625
v -267.347198 -5.210000 -180.389816
v -242.377319 -3.210000 -180.389084
v -217.407440 -3.210000 -180.388428
v -192.437561 -2.210000 -180.387848
v -167.467682 -1.210000 -180.387329
v -142.497787 0.790000 -180.386887
v -117.527916 1.790000 -180.386520
v -92.558029 2.790000 -180.386215
v -67.588150 4.790000 -180.385986
v -42.618271 4.790000 -180.385834
v -17.648390 5.790000 -180.385742
v 7.321491 6.790000 -180.385727
v 32.291370 6.790000 -180.385788
v 57.261253 8.790000 -180.385910
v 82.231133 8.790000 -180.386108
v 107.201012 7.790000 -180.386383
v 132.170898 6.790000 -180.386719
v 157.140778 6.790000 -180.387146
v 182.110657 5.790000 -180.387619
v 207.080536 5.790000 -180.388184
v 232.050415 3.790000 -180.388809
v 257.020294 0.790000 -180.389511
v 281.990173 1.790000 -180.390274
v 306.960052 -0.210000 -180.391113
v 331.929932 -1.210000 -180.392029
v 356.899811 -4.210000 -180.393021
v 381.869690 -5.210000 -180.394073
v 406.839600 -7.210000 -180.395203
v 431.809479 -7.210000 -180.396408
v 456.779358 -7.210000 -180.397675
v -467.107910 -7.210000 -149.476135
v -442.137939 -6.210000 -149.474838
v -417.167969 -5.210000 -149.473602
v -392.197998 -5.210000 -149.472458
v -367.228027 -5.210000 -149.471359
v -342.258057 -5.210000 -149.470352
v -317.288086 -4.210000 -149.469406
v -292.318115 -3.210000 -149.468536
v -267.348145 -2.210000 -149.467743
v -242.378174 -3.210000 -149.467010
v -217.408203 -2.210000 -149.466354
v -192.438232 -2.210000 -149.465759
v -167.468262 -2.210000 -149.465256
v -142.498306 0.790000 -149.464813
v -117.528328 -0.210000 -149.464432
v -92.558357 0.790000 -149.464142
v -67.588394 2.790000 -149.463913
v -42.618423 2.790000 -149.463745
v -17.648453 5.790000 -149.463669
v 7.321517 5.790000 -149.463654
v 32.291485 4.790000 -149.463699
v 57.261456 5.790000 -149.463837
v 82.231422 6.790000 -149.464035
v 107.201393 8.790000 -149.464294
v 132.171356 7.790000 -149.464645
v 157.141327 7.790000 -149.465057
v 182.111298 6.790000 -149.465546
v 207.081268 6.790000 -149.466095
v 232.051239 5.790000 -149.466721
v 257.021210 3.790000 -149.467422
v 281.991180 3.790000 -149.468201
v 306.961151 0.790000 -149.469040
v 331.931122 -1.210000 -149.469955
v 356.901093 -3.210000 -149.470932
v 381.871063 -5.210000 -149.472000
v 406.841034 -6.210000 -149.473129
v 431.811005 -7.210000 -149.474319
v 456.780975 -7.210000 -149.475586
v -467.109558 -5.210000 -118.554054
v -442.139496 -5.210000 -118.552757
v -417.169434 -5.210000 -118.551529
v -392.199371 -4.210000 -118.550369
v -367.229309 -4.210000 -118.549286
v -342.259277 -5.210000 -118.548271
v -317.289215 -3.210000 -118.547325
v -292.319153 -4.210000 -118.546455
v -267.349091 -3.210000 -118.545654
v -242.379028 -1.210000 -118.544930
v -217.408981 -1.210000 -118.544273
v -192.438919 -0.210000 -118.543686
v -167.468857 -1.210000 -118.543167
v -142.498810 -0.210000 -118.542725
v -117.528748 -0.210000 -118.542351
v -92.558685 0.790000 -118.542053
v -67.588631 2.790000 -118.541824
v -42.618572 1.790000 -118.541664
v -17.648516 2.790000 -118.541580
v 7.321543 3.790000 -118.541565
v 32.291599 4.790000 -118.541626
v 57.261658 4.790000 -118.541748
v 82.231712 5.790000 -118.541954
v 107.201775 7.790000 -118.542221
v 132.171829 8.790000 -118.542564
v 157.141891 8.790000 -118.542976
v 182.111954 8.790000 -118.543465
v 207.082001 7.790000 -118.544022
v 232.052063 6.790000 -118.544647
v 257.022125 5.790000 -118.545349
v 281.992188 3.790000 -118.546120
v 306.962250 3.790000 -118.546959
v 331.932281 -1.210000 -118.547874
v 356.902344 -3.210000 -118.548859
v 381.872406 -5.210000 -118.549911
v 406.842468 -5.210000 -118.551041
v 431.812531 -5.210000 -118.552238
v 456.782593 -6.210000 -118.553513
v -467.111206 -5.210000 -87.631973
v -442.141052 -6.210000 -87.630676
v -417.170929 -5.210000 -87.629448
v -392.200775 -4.210000 -87.628288
v -367.230621 -4.210000 -87.627205
v -342.260468 -4.210000 -87.626190
v -317.290344 -4.210000 -87.625244
v -292.320190 -2.210000 -87.624374
v -267.350037 -1.210000 -87.623573
v -242.379898 -0.210000 -87.622849
v -217.409744 0.790000 -87.622192
v -192.439606 0.790000 -87.621605
v -167.469452 0.790000 -87.621086
v -142.499313 0.790000 -87.620644
v -117.529160 0.790000 -87.620270
v -92.559013 0.790000 -87.619972
v -67.588867 1.790000 -87.619743
v -42.618725 2.790000 -87.619583
v -17.648577 2.790000 -87.619499
v 7.321569 3.790000 -87.619484
v 32.291714 4.790000 -87.619545
v 57.261860 5.790000 -87.619667
v 82.232010 7.790000 -87.619873
v 107.202156 6.790000 -87.620140
v 132.172302 8.790000 -87.620483
v 157.142441 8.790000 -87.620895
v 182.112595 8.790000 -87.621384
v 207.082733 7.790000 -87.621941
v 232.052887 6.790000 -87.622566
v 257.023041 5.790000 -87.623268
v 281.993164 3.790000 -87.624039
v 306.963318 3.790000 -87.624878
v 331.933472 0.790000 -87.625793
v 356.903625 -0.210000 -87.626778
v 381.873749 -5.210000 -87.627831
v 406.843903 -5.210000 -87.628960
v 431.814056 -5.210000 -87.630157
v 456.784210 -5.210000 -87.631432
v -467.112854 -5.210000 -56.709896
v -442.142639 -5.210000 -56.708595
v -417.172394 -4.210000 -56.707367
v -392.202148 -4.210000 -56.706211
v -367.231934 -3.210000 -56.705124
v -342.261688 -2.210000 -56.704109
v -317.291443 -2.210000 -56.703167
v -292.321228 -3.210000 -56.702293
v -267.350983 -1.210000 -56.701496
v -242.380753 -0.210000 -56.700768
v -217.410522 1.790000 -56.700108
v -192.440277 2.790000 -56.699524
v -167.470047 2.790000 -56.699009
v -142.499817 1.790000 -56.698563
v -117.529579 1.790000 -56.698193
v -92.559341 2.790000 -56.697891
v -67.589111 2.790000 -56.697662
v -42.618874 3.790000 -56.697506
v -17.648640 3.790000 -56.697418
v 7.321595 3.790000 -56.697403
v 32.291828 4.790000 -56.697460
v 57.262062 4.790000 -56.697590
v 82.232300 6.790000 -56.697788
v 107.202530 7.790000 -56.698059
v 132.172760 8.790000 -56.698402
v 157.143005 8.790000 -56.698814
v 182.113235 8.790000 -56.699299
v 207.083466 8.790000 -56.699856
v 232.053711 7.790000 -56.700485
v 257.023926 5.790000 -56.701183
v 281.994171 3.790000 -56.701954
v 306.964417 1.790000 -56.702797
v 331.934631 -0.210000 -56.703712
v 356.904877 -0.210000 -56.704697
v 381.875122 -5.210000 -56.705753
v 406.845337 -4.210000 -56.706879
v 431.815582 -4.210000 -56.708080
v 456.785828 -5.210000 -56.709351
v -467.114502 -4.210000 -25.787815
v -442.144196 -5.210000 -25.786514
v -417.173859 -4.210000 -25.785286
v -392.203552 -4.210000 -25.784128
v -367.233215 -3.210000 -25.783043
v -342.262909 -2.210000 -25.782028
v -317.292572 -2.210000 -25.781086
v -292.322266 -2.210000 -25.780214
v -267.351929 -1.210000 -25.779413
v -242.381607 0.790000 -25.778685
v -217.411285 2.790000 -25.778027
v -192.440964 2.790000 -25.777441
v -167.470642 2.790000 -25.776926
v -142.500320 2.790000 -25.776484
v -117.529991 3.790000 -25.776112
v -92.559669 4.790000 -25.775812
v -67.589348 4.790000 -25.775583
v -42.619026 4.790000 -25.775425
v -17.648703 5.790000 -25.775339
v 7.321620 4.790000 -25.775324
v 32.291943 5.790000 -25.775381
v 57.262268 5.790000 -25.775509
v 82.232590 6.790000 -25.775707
v 107.202911 7.790000 -25.775978
v 132.173233 7.790000 -25.776321
v 157.143555 8.790000 -25.776735
v 182.113876 8.790000 -25.777220
v 207.084198 8.790000 -25.777777
v 232.054535 8.790000 -25.778404
v 257.024841 8.790000 -25.779104
v 281.995178 3.790000 -25.779875
v 306.965485 0.790000 -25.780716
v 331.935822 -1.210000 -25.781630
v 356.906128 -2.210000 -25.782616
v 381.876465 -4.210000 -25.783670
v 406.846802 -4.210000 -25.784800
v 431.817108 -2.210000 -25.785997
v 456.787445 -2.210000 -25.787268
v -467.116180 -5.210000 5.134266
v -442.145752 -4.210000 5.135566
v -417.175354 -3.210000 5.136795
v -392.204926 -3.210000 5.137952
v -367.234528 -3.210000 5.139038
v -342.264099 -2.210000 5.140052
v -317.293701 -1.210000 5.140996
v -292.323303 -0.210000 5.141867
v -267.352875 -0.210000 5.142667
v -242.382462 -0.210000 5.143396
v -217.412064 0.790000 5.144053
v -192.441650 2.790000 5.144639
v -167.471237 3.790000 5.145154
v -142.500824 4.790000 5.145597
v -117.530411 4.790000 5.145969
v -92.559998 4.790000 5.146269
v -67.589584 5.790000 5.146498
v -42.619175 5.790000 5.146656
v -17.648766 5.790000 5.146742
v 7.321647 5.790000 5.146757
v 32.292057 5.790000 5.146700
v 57.262470 6.790000 5.146572
v 82.232880 7.790000 5.146373
v 107.203293 7.790000 5.146102
v 132.173706 7.790000 5.145760
v 157.144119 8.790000 5.145346
v 182.114532 8.790000 5.144861
v 207.084946 8.790000 5.144304
v 232.055344 9.790000 5.143676
v 257.025757 4.790000 5.142977
v 281.996185 3.790000 5.142207
v 306.966583 4.790000 5.141365
v 331.936981 -1.210000 5.140451
v 356.907410 -2.210000 5.139466
v 381.877808 -4.210000 5.138410
v 406.848236 -4.210000 5.137282
v 431.818634 -3.210000 5.136083
v 456.789062 -1.210000 5.134812
v -467.117828 -4.210000 36.056347
v -442.147339 -4.210000 36.057648
v -417.176819 -4.210000 36.058876
v -392.206329 -3.210000 36.060032
v -367.235840 -2.210000 36.061119
v -342.265320 -2.210000 36.062134
v -317.294830 -1.210000 36.063076
v -292.324341 -0.210000 36.063950
v -267.353821 0.790000 36.064747
v -242.383331 0.790000 36.065475
v -217.412827 1.790000 36.066135
v -192.442322 1.790000 36.066719
v -167.471832 1.790000 36.067234
v -142.501328 3.790000 36.067677
v -117.530830 4.790000 36.068050
v -92.560326 4.790000 36.068352
v -67.589828 4.790000 36.068581
v -42.619328 5.790000 36.068737
v -17.648827 6.790000 36.068821
v 7.321672 6.790000 36.068836
v 32.292171 6.790000 36.068783
v 57.262672 7.790000 36.068653
v 82.233170 8.790000 36.068455
v 107.203674 8.790000 36.068184
v 132.174179 8.790000 36.067841
v 157.144669 8.790000 36.067429
v 182.115173 9.790000 36.066940
v 207.085678 8.790000 36.066383
v 232.056168 8.790000 36.065758
v 257.026672 4.790000 36.065060
v 281.997162 3.790000 36.064289
v 306.967682 0.790000 36.063446
v 331.938171 -1.210000 36.062531
v 356.908661 -2.210000 36.061546
v 381.879181 -4.210000 36.060490
v 406.849670 -3.210000 36.059364
v 431.820160 -0.210000 36.058163
v 456.790680 -0.210000 36.056892
v -467.119476 -4.210000 66.978424
v -442.148895 -4.210000 66.979729
v -417.178314 -4.210000 66.980957
v -392.207703 -3.210000 66.982117
v -367.237122 -2.210000 66.983200
v -342.266541 -2.210000 66.984215
v -317.295959 -1.210000 66.985153
v -292.325348 -1.210000 66.986031
v -267.354767 -0.210000 66.986832
v -242.384186 1.790000 66.987556
v -217.413589 1.790000 66.988213
v -192.443008 2.790000 66.988800
v -167.472412 3.790000 66.989319
v -142.501831 4.790000 66.989761
v -117.531242 4.790000 66.990128
v -92.560654 4.790000 66.990433
v -67.590065 5.790000 66.990662
v -42.619476 5.790000 66.990814
v -17.648890 7.790000 66.990906
v 7.321698 7.790000 66.990921
v 32.292286 7.790000 66.990860
v 57.262875 8.790000 66.990730
v 82.233459 8.790000 66.990532
v 107.204048 8.790000 66.990265
v 132.174637 8.790000 66.989922
v 157.145233 8.790000 66.989510
v 182.115814 8.790000 66.989021
v 207.086411 7.790000 66.988464
v 232.056992 4.790000 66.987839
v 257.027588 3.790000 66.987137
v 281.998169 3.790000 66.986366
v 306.968750 3.790000 66.985527
v 331.939331 1.790000 66.984612
v 356.909943 -2.210000 66.983627
v 381.880524 -3.210000 66.982574
v 406.851105 -3.210000 66.981445
v 431.821686 0.790000 66.980247
v 456.792297 0.790000 66.978973
v -467.121124 -4.210000 97.900505
v -442.150452 -4.210000 97.901810
v -417.179779 -4.210000 97.903038
v -392.209106 -3.210000 97.904198
v -367.238434 -2.210000 97.905281
v -342.267761 -2.210000 97.906296
v -317.297058 -2.210000 97.907234
v -292.326385 -2.210000 97.908112
v -267.355713 0.790000 97.908913
v -242.385040 1.790000 97.909637
v -217.414368 2.790000 97.910294
v -192.443695 3.790000 97.910881
v -167.473007 5.790000 97.911400
v -142.502335 4.790000 97.911842
v -117.531662 4.790000 97.912209
v -92.560982 5.790000 97.912514
v -67.590309 5.790000 97.912743
v -42.619629 6.790000 97.912895
v -17.648952 7.790000 97.912987
v 7.321724 7.790000 97.913002
v 32.292400 8.790000 97.912941
v 57.263077 8.790000 97.912811
v 82.233757 9.790000 97.912613
v 107.204430 9.790000 97.912346
v 132.175110 9.790000 97.912003
v 157.145782 9.790000 97.911591
v 182.116455 8.790000 97.911102
v 207.087143 7.790000 97.910545
v 232.057816 4.790000 97.909920
v 257.028503 2.790000 97.909218
v 281.999176 2.790000 97.908447
v 306.969849 3.790000 97.907608
v 331.940521 0.790000 97.906693
v 356.911194 -2.210000 97.905708
v 381.881866 -2.210000 97.904655
v 406.852539 -2.210000 97.903526
v 431.823242 0.790000 97.902328
v 456.793915 2.790000 97.901054
v -467.122803 -4.210000 128.822586
v -442.152008 -4.210000 128.823883
v -417.181244 -4.210000 128.825119
v -392.210480 -3.210000 128.826279
v -367.239716 -2.210000 128.827362
v -342.268951 -2.210000 128.828369
v -317.298187 -2.210000 128.829315
v -292.327423 -2.210000 128.830185
v -267.356659 -2.210000 128.830994
v -242.385895 1.790000 128.831726
v -217.415131 1.790000 128.832382
v -192.444366 3.790000 128.832962
v -167.473602 4.790000 128.833481
v -142.502838 4.790000 128.833923
v -117.532074 4.790000 128.834290
v -92.561310 4.790000 128.834595
v -67.590546 5.790000 128.834824
v -42.619781 6.790000 128.834976
v -17.649015 7.790000 128.835068
v 7.321750 7.790000 128.835083
v 32.292515 8.790000 128.835022
v 57.263279 8.790000 128.834900
v 82.234047 8.790000 128.834702
v 107.204811 9.790000 128.834427
v 132.175583 9.790000 128.834076
v 157.146347 10.790000 128.833664
v 182.117111 10.790000 128.833191
v 207.087875 11.790000 128.832626
v 232.058640 11.790000 128.832001
v 257.029388 3.790000 128.831299
v 282.000153 2.790000 128.830536
v 306.970917 0.790000 128.829681
v 331.941711 -1.210000 128.828781
v 356.912476 -1.210000 128.827789
v 381.883240 -0.210000 128.826736
v 406.854004 1.790000 128.825607
v 431.824768 2.790000 128.824402
v 456.795532 3.790000 128.823135
v -467.124451 -4.210000 159.744675
v -442.153595 -4.210000 159.745972
v -417.182739 -4.210000 159.747192
v -392.211884 -3.210000 159.748352
v -367.241028 -2.210000 159.749435
v -342.270172 -2.210000 159.750458
v -317.299316 -2.210000 159.751404
v -292.328461 -2.210000 159.752274
v -267.357605 -2.210000 159.753067
v -242.386765 -2.210000 159.753799
v -217.415909 0.790000 159.754456
v -192.445053 1.790000 159.755051
v -167.474197 2.790000 159.755554
v -142.503342 2.790000 159.755997
v -117.532494 3.790000 159.756378
v -92.561638 3.790000 159.756668
v -67.590782 4.790000 159.756897
v -42.619930 5.790000 159.757065
v -17.649076 6.790000 159.757141
v 7.321776 7.790000 159.757156
v 32.292629 7.790000 159.757111
v 57.263485 8.790000 159.756973
v 82.234337 8.790000 159.756775
v 107.205193 8.790000 159.756500
v 132.176041 7.790000 159.756165
v 157.146896 7.790000 159.755753
v 182.117752 7.790000 159.755264
v 207.088608 9.790000 159.754715
v 232.059464 9.790000 159.754074
v 257.030304 4.790000 159.753387
v 282.001160 2.790000 159.752609
v 306.972015 -0.210000 159.751770
v 331.942871 -0.210000 159.750854
v 356.913727 -0.210000 159.749863
v 381.884583 0.790000 159.748810
v 406.855438 2.790000 159.747681
v 431.826294 3.790000 159.746490
v 456.797150 4.790000 159.745224
v -467.126099 -2.210000 190.666748
v -442.155151 -3.210000 190.668045
v -417.184204 -3.210000 190.669281
v -392.213257 -1.210000 190.670441
v -367.242340 -2.210000 190.671524
v -342.271393 -2.210000 190.672531
v -317.300446 -2.210000 190.673477
v -292.329498 -2.210000 190.674347
v -267.358551 -2.210000 190.675156
v -242.387619 -1.210000 190.675888
v -217.416672 -0.210000 190.676544
v -192.445740 0.790000 190.677124
v -167.474792 0.790000 190.677643
v -142.503845 1.790000 190.678085
v -117.532906 2.790000 190.678452
v -92.561966 2.790000 190.678757
v -67.591026 3.790000 190.678986
v -42.620083 4.790000 190.679138
v -17.649139 5.790000 190.679230
v 7.321802 5.790000 190.679245
v 32.292744 7.790000 190.679184
v 57.263687 7.790000 190.679062
v 82.234627 7.790000 190.678864
v 107.205566 7.790000 190.678589
v 132.176514 7.790000 190.678238
v 157.147461 6.790000 190.677826
v 182.118393 6.790000 190.677353
v 207.089340 7.790000 190.676788
v 232.060287 7.790000 190.676163
v 257.031219 4.790000 190.675461
v 282.002167 2.790000 190.674698
v 306.973114 1.790000 190.673843
v 331.944061 0.790000 190.672943
v 356.914978 0.790000 190.671951
v 381.885925 2.790000 190.670898
v 406.856873 3.790000 190.669769
v 431.827820 4.790000 190.668564
v 456.798767 4.790000 190.667297
v -467.127747 -3.210000 221.588837
v -442.156708 -2.210000 221.590134
v -417.185699 -2.210000 221.591354
v -392.214661 -2.210000 221.592514
v -367.243622 -2.210000 221.593597
v -342.272583 -2.210000 221.594620
v -317.301575 -2.210000 221.595566
v -292.330536 -2.210000 221.596436
v -267.359497 -2.210000 221.597229
v -242.388474 -1.210000 221.597961
v -217.417450 -0.210000 221.598618
v -192.446411 1.790000 221.599197
v -167.475388 2.790000 221.599716
v -142.504349 1.790000 221.600159
v -117.533325 2.790000 221.600540
v -92.562294 2.790000 221.600830
v -67.591263 3.790000 221.601059
v -42.620232 4.790000 221.601227
v -17.649202 5.790000 221.601303
v 7.321828 5.790000 221.601318
v 32.292858 6.790000 221.601273
v 57.263889 6.790000 221.601135
v 82.234917 7.790000 221.600937
v 107.205948 7.790000 221.600662
v 132.176987 7.790000 221.600327
v 157.148010 7.790000 221.599915
v 182.119034 7.790000 221.599426
v 207.090073 5.790000 221.598877
v 232.061096 3.790000 221.598236
v 257.032135 2.790000 221.597549
v 282.003174 3.790000 221.596771
v 306.974182 -0.210000 221.595932
v 331.945221 1.790000 221.595016
v 356.916260 1.790000 221.594025
v 381.887299 3.790000 221.592972
v 406.858307 4.790000 221.591843
v 431.829346 5.790000 221.590652
v 456.800385 5.790000 221.589371
v -467.129395 -0.210000 252.510910
v -442.158295 -0.210000 252.512207
v -417.187164 -0.210000 252.513443
v -392.216034 -0.210000 252.514603
v -367.244934 -0.210000 252.515686
v -342.273804 -1.210000 252.516693
v -317.302704 -2.210000 252.517639
v -292.331573 -2.210000 252.518509
v -267.360443 -2.210000 252.519318
v -242.389328 -1.210000 252.520035
v -217.418213 -0.210000 252.520706
v -192.447098 0.790000 252.521286
v -167.475983 2.790000 252.521805
v -142.504852 1.790000 252.522247
v -117.533737 2.790000 252.522614
v -92.562622 2.790000 252.522919
v -67.591499 4.790000 252.523148
v -42.620384 5.790000 252.523300
v -17.649265 5.790000 252.523392
v 7.321854 6.790000 252.523407
v 32.292973 6.790000 252.523346
v 57.264091 7.790000 252.523224
v 82.235207 7.790000 252.523026
v 107.206329 7.790000 252.522751
v 132.177444 7.790000 252.522400
v 157.148560 7.790000 252.521988
v 182.119690 7.790000 252.521500
v 207.090805 8.790000 252.520950
v 232.061920 4.790000 252.520325
v 257.033051 1.790000 252.519623
v 282.004150 2.790000 252.518860
v 306.975281 1.790000 252.518005
v 331.946411 2.790000 252.517090
v 356.917511 2.790000 252.516113
v 381.888641 2.790000 252.515060
v 406.859741 3.790000 252.513931
v 431.830872 6.790000 252.512726
v 456.802002 5.790000 252.511459
v -467.131073 0.790000 283.432983
v -442.159851 -0.210000 283.434296
v -417.188629 -0.210000 283.435516
v -392.217438 -0.210000 283.436676
v -367.246216 -0.210000 283.437775
v -342.275024 -0.210000 283.438782
v -317.303802 -1.210000 283.439728
v -292.332611 -1.210000 283.440582
v -267.361389 -1.210000 283.441406
v -242.390198 -1.210000 283.442108
v -217.418991 -0.210000 283.442780
v -192.447784 0.790000 283.443359
v -167.476578 1.790000 283.443878
v -142.505371 3.790000 283.444336
v -117.534157 3.790000 283.444702
v -92.562950 4.790000 283.445007
v -67.591743 4.790000 283.445221
v -42.620533 5.790000 283.445374
v -17.649328 6.790000 283.445465
v 7.321880 7.790000 283.445496
v 32.293087 7.790000 283.445435
v 57.264294 7.790000 283.445312
v 82.235504 7.790000 283.445099
v 107.206711 7.790000 283.444824
v 132.177917 7.790000 283.444489
v 157.149124 7.790000 283.444061
v 182.120331 8.790000 283.443573
v 207.091537 5.790000 283.443024
v 232.062744 2.790000 283.442413
v 257.033966 2.790000 283.441711
v 282.005157 5.790000 283.440948
v 306.976379 7.790000 283.440094
v 331.947571 3.790000 283.439178
v 356.918793 3.790000 283.438202
v 381.889984 4.790000 283.437134
v 406.861206 3.790000 283.436005
v 431.832397 7.790000 283.434814
v 456.803619 8.790000 283.433533
v -467.132721 1.790000 314.355072
v -442.161407 -0.210000 314.356384
v -417.190125 0.790000 314.357605
v -392.218811 -0.210000 314.358765
v -367.247528 0.790000 314.359833
v -342.276245 -0.210000 314.360870
v -317.304932 -0.210000 314.361816
v -292.333649 -0.210000 314.362671
v -267.362335 -0.210000 314.363464
v -242.391052 -2.210000 314.364197
v -217.419754 -0.210000 314.364868
v -192.448456 -0.210000 314.365448
v -167.477158 0.790000 314.365967
v -142.505875 1.790000 314.366394
v -117.534569 3.790000 314.366791
v -92.563278 4.790000 314.367065
v -67.591980 4.790000 314.367310
v -42.620686 6.790000 314.367462
v -17.649389 7.790000 314.367554
v 7.321906 7.790000 314.367554
v 32.293201 7.790000 314.367523
v 57.264496 7.790000 314.367371
v 82.235794 7.790000 314.367188
v 107.207085 7.790000 314.366913
v 132.178391 7.790000 314.366577
v 157.149673 8.790000 314.366150
v 182.120972 7.790000 314.365662
v 207.092270 5.790000 314.365112
v 232.063568 2.790000 314.364471
v 257.034851 3.790000 314.363800
v 282.006165 7.790000 314.363007
v 306.977448 7.790000 314.362183
v 331.948761 4.790000 314.361267
v 356.920044 4.790000 314.360260
v 381.891327 5.790000 314.359222
v 406.862640 7.790000 314.358093
v 431.833923 8.790000 314.356903
v 456.805237 9.790000 314.355621
v -467.134369 1.790000 345.277161
v -442.162994 1.790000 345.278442
v -417.191589 1.790000 345.279694
v -392.220215 1.790000 345.280853
v -367.248840 1.790000 345.281921
v -342.277435 1.790000 345.282928
v -317.306061 1.790000 345.283875
v -292.334686 0.790000 345.284760
v -267.363281 -0.210000 345.285553
v -242.391907 -1.210000 345.286285
v -217.420532 -0.210000 345.286957
v -192.449142 -0.210000 345.287537
v -167.477753 0.790000 345.288055
v -142.506378 0.790000 345.288483
v -117.534988 0.790000 345.288849
v -92.563606 2.790000 345.289154
v -67.592224 4.790000 345.289398
v -42.620838 7.790000 345.289551
v -17.649452 7.790000 345.289642
v 7.321932 7.790000 345.289642
v 32.293316 7.790000 345.289581
v 57.264698 7.790000 345.289459
v 82.236084 7.790000 345.289276
v 107.207466 7.790000 345.289001
v 132.178848 7.790000 345.288635
v 157.150238 7.790000 345.288239
v 182.121628 6.790000 345.287750
v 207.093002 4.790000 345.287201
v 232.064392 2.790000 345.286560
v 257.035767 4.790000 345.285858
v 282.007172 8.790000 345.285095
v 306.978546 8.790000 345.284241
v 331.949921 5.790000 345.283325
v 356.921295 5.790000 345.282349
v 381.892700 6.790000 345.281311
v 406.864075 7.790000 345.280182
v 431.835449 9.790000 345.278961
v 456.806854 10.790000 345.277710
v -467.136017 1.790000 376.199249
v -442.164551 1.790000 376.200531
v -417.193085 1.790000 376.201752
v -392.221588 1.790000 376.202911
v -367.250122 1.790000 376.204010
v -342.278656 1.790000 376.205017
v -317.307190 1.790000 376.205963
v -292.335724 1.790000 376.206848
v -267.364227 0.790000 376.207642
v -242.392761 -0.210000 376.208374
v -217.421295 -0.210000 376.209015
v -192.449829 -0.210000 376.209595
v -167.478348 -0.210000 376.210114
v -142.506882 -0.210000 376.210571
v -117.535408 -0.210000 376.210938
v -92.563934 1.790000 376.211243
v -67.592461 5.790000 376.211456
v -42.620987 7.790000 376.211639
v -17.649515 7.790000 376.211700
v 7.321958 7.790000 376.211731
v 32.293430 6.790000 376.211670
v 57.264904 6.790000 376.211548
v 82.236374 6.790000 376.211334
v 107.207848 6.790000 376.211060
v 132.179321 7.790000 376.210724
v 157.150787 8.790000 376.210327
v 182.122269 6.790000 376.209839
v 207.093735 4.790000 376.209259
v 232.065216 2.790000 376.208649
v 257.036682 4.790000 376.207947
v 282.008148 7.790000 376.207184
v 306.979614 8.790000 376.206329
v 331.951111 5.790000 376.205414
v 356.922577 7.790000 376.204437
v 381.894043 7.790000 376.203369
v 406.865509 8.790000 376.202240
v 431.836975 9.790000 376.201050
v 456.808472 10.790000 376.199768
v -467.137665 1.790000 407.121307
v -442.166107 1.790000 407.122620
v -417.194550 1.790000 407.123840
v -392.222992 2.790000 407.125000
v -367.251434 1.790000 407.126099
v -342.279877 1.790000 407.127106
v -317.308319 2.790000 407.128052
v -292.336761 2.790000 407.128906
v -267.365173 1.790000 407.129730
v -242.393631 1.790000 407.130432
v -217.422058 0.790000 407.131104
v -192.450500 -0.210000 407.131683
v -167.478943 -0.210000 407.132202
v -142.507385 -0.210000 407.132660
v -117.535820 -0.210000 407.133026
v -92.564262 -0.210000 407.133331
v -67.592697 5.790000 407.133545
v -42.621140 5.790000 407.133698
v -17.649578 5.790000 407.133789
v 7.321983 5.790000 407.133820
v 32.293545 4.790000 407.133759
v 57.265106 4.790000 407.133636
v 82.236664 5.790000 407.133423
v 107.208229 6.790000 407.133148
v 132.179794 5.790000 407.132812
v 157.151352 7.790000 407.132385
v 182.122910 6.790000 407.131897
v 207.094467 4.790000 407.131348
v 232.066025 3.790000 407.130737
v 257.037598 6.790000 407.130035
v 282.009155 8.790000 407.129242
v 306.980713 8.790000 407.128418
v 331.952271 7.790000 407.127502
v 356.923828 8.790000 407.126526
v 381.895386 9.790000 407.125458
v 406.866943 10.790000 407.124329
v 431.838531 11.790000 407.123138
v 456.810089 12.790000 407.121857
v -467.139313 1.790000 438.043396
v -442.167664 1.790000 438.044708
v -417.196014 1.790000 438.045929
v -392.224365 2.790000 438.047089
v -367.252716 1.790000 438.048157
v -342.281067 1.790000 438.049194
v -317.309418 5.790000 438.050140
v -292.337769 4.790000 438.050995
v -267.366119 4.790000 438.051788
v -242.394485 3.790000 438.052521
v -217.422836 2.790000 438.053192
v -192.451187 2.790000 438.053772
v -167.479538 1.790000 438.054291
v -142.507889 -0.210000 438.054718
v -117.536240 -1.210000 438.055115
v -92.564590 -1.210000 438.055389
v -67.592941 3.790000 438.055634
v -42.621288 3.790000 438.055786
v -17.649639 3.790000 438.055878
v 7.322010 3.790000 438.055878
v 32.293659 3.790000 438.055817
v 57.265308 2.790000 438.055695
v 82.236954 2.790000 438.055511
v 107.208611 5.790000 438.055237
v 132.180252 5.790000 438.054901
v 157.151901 5.790000 438.054474
v 182.123550 5.790000 438.053986
v 207.095200 4.790000 438.053436
v 232.066849 3.790000 438.052795
v 257.038513 8.790000 438.052094
v 282.010162 8.790000 438.051331
v 306.981812 8.790000 438.050507
v 331.953461 8.790000 438.049591
v 356.925110 10.790000 438.048584
v 381.896759 12.790000 438.047546
v 406.868408 12.790000 438.046417
v 431.840057 13.790000 438.045227
v 456.811707 13.790000 438.043945
v -467.140991 6.790000 468.965485
v -442.169250 5.790000 468.966766
v -417.197510 5.790000 468.968018
v -392.225769 5.790000 468.969177
v -367.254028 4.790000 468.970245
v -342.282288 4.790000 468.971252
v -317.310547 4.790000 468.972198
v -292.338806 4.790000 468.973083
v -267.367065 4.790000 468.973877
v -242.395340 5.790000 468.974609
v -217.423599 5.790000 468.975250
v -192.451874 3.790000 468.975861
v -167.480133 3.790000 468.976379
v -142.508392 1.790000 468.976807
v -117.536652 0.790000 468.977173
v -92.564919 -1.210000 468.977478
v -67.593178 2.790000 468.977722
v -42.621441 4.790000 468.977875
v -17.649702 4.790000 468.977966
v 7.322035 3.790000 468.977966
v 32.293774 3.790000 468.977905
v 57.265511 3.790000 468.977783
v 82.237251 4.790000 468.977570
v 107.208984 5.790000 468.977325
v 132.180725 7.790000 468.976959
v 157.152466 5.790000 468.976562
v 182.124207 3.790000 468.976074
v 207.095932 3.790000 468.975525
v 232.067673 7.790000 468.974884
v 257.039398 8.790000 468.974182
v 282.011139 8.790000 468.973419
v 306.982880 8.790000 468.972565
v 331.954620 9.790000 468.971649
v 356.926361 11.790000 468.970673
v 381.898102 14.790000 468.969635
v 406.869843 15.790000 468.968506
v 431.841583 15.790000 468.967285
v 456.813324 15.790000 468.966034
v -467.142639 6.790000 499.887573
v -442.170807 6.790000 499.888855
v -417.198975 6.790000 499.890076
v -392.227142 5.790000 499.891235
v -367.255341 5.790000 499.892334
v -342.283508 4.790000 499.893341
v -317.311676 4.790000 499.894287
v -292.339844 4.790000 499.895172
v -267.368011 4.790000 499.895966
v -242.396194 5.790000 499.896698
v -217.424377 5.790000 499.897339
v -192.452545 6.790000 499.897919
v -167.480728 6.790000 499.898438
v -142.508896 2.790000 499.898895
v -117.537071 1.790000 499.899261
v -92.565247 0.790000 499.899567
v -67.593414 1.790000 499.899780
v -42.621590 3.790000 499.899963
v -17.649765 2.790000 499.900024
v 7.322062 2.790000 499.900055
v 32.293888 2.790000 499.899994
v 57.265713 4.790000 499.899872
v 82.237541 4.790000 499.899658
v 107.209366 5.790000 499.899384
v 132.181198 7.790000 499.899048
v 157.153015 6.790000 499.898651
v 182.124847 3.790000 499.898163
v 207.096664 3.790000 499.897583
v 232.068497 3.790000 499.896973
v 257.040314 6.790000 499.896271
v 282.012146 9.790000 499.895508
v 306.983978 10.790000 499.894653
v 331.955811 10.790000 499.893738
v 356.927643 13.790000 499.892761
v 381.899445 15.790000 499.891693
v 406.871277 15.790000 499.890564
v 431.843109 16.790001 499.889374
v 456.814941 16.790001 499.888092
v -467.144287 6.790000 530.809631
v -442.172363 6.790000 530.810913
v -417.200470 6.790000 530.812195
v -392.228546 5.790000 530.813354
v -367.256622 5.790000 530.814392
v -342.284729 5.790000 530.815430
v -317.312805 5.790000 530.816345
v -292.340881 4.790000 530.817261
v -267.368988 5.790000 530.818054
v -242.397064 5.790000 530.818787
v -217.425140 6.790000 530.819397
v -192.453232 6.790000 530.820007
v -167.481308 6.790000 530.820557
v -142.509399 5.790000 530.820984
v -117.537483 2.790000 530.821350
v -92.565575 0.790000 530.821655
v -67.593658 1.790000 530.821899
v -42.621742 1.790000 530.822021
v -17.649828 0.790000 530.822144
v 7.322087 1.790000 530.822144
v 32.294003 1.790000 530.822083
v 57.265915 4.790000 530.821960
v 82.237831 3.790000 530.821716
v 107.209747 5.790000 530.821472
v 132.181656 7.790000 530.821106
v 157.153580 6.790000 530.820740
v 182.125488 3.790000 530.820251
v 207.097397 3.790000 530.819702
v 232.069321 4.790000 530.819031
v 257.041229 6.790000 530.818359
v 282.013153 9.790000 530.817566
v 306.985077 11.790000 530.816711
v 331.956970 11.790000 530.815796
v 356.928894 13.790000 530.814819
v 381.900818 14.790000 530.813782
v 406.872711 15.790000 530.812683
v 431.844635 18.790001 530.811462
v 456.816559 17.790001 530.810181
v -467.145935 5.790000 561.731750
v -442.173950 6.790000 561.733032
v -417.201935 6.790000 561.734253
v -392.229919 5.790000 561.735413
v -367.257935 5.790000 561.736511
v -342.285919 5.790000 561.737488
v -317.313934 5.790000 561.738464
v -292.341919 5.790000 561.739319
v -267.369934 5.790000 561.740112
v -242.397919 6.790000 561.740845
v -217.425919 6.790000 561.741516
v -192.453903 6.790000 561.742065
v -167.481903 6.790000 561.742615
v -142.509903 5.790000 561.743042
v -117.537903 2.790000 561.743408
v -92.565895 1.790000 561.743713
v -67.593895 1.790000 561.743958
v -42.621891 0.790000 561.744080
v -17.649889 0.790000 561.744202
v 7.322113 0.790000 561.744202
v 32.294117 0.790000 561.744141
v 57.266121 1.790000 561.744019
v 82.238121 2.790000 561.743835
v 107.210129 3.790000 561.743530
v 132.182129 3.790000 561.743225
v 157.154129 4.790000 561.742798
v 182.126129 3.790000 561.742310
v 207.098145 4.790000 561.741760
v 232.070145 5.790000 561.741150
v 257.042145 7.790000 561.740417
v 282.014160 10.790000 561.739685
v 306.986145 10.790000 561.738831
v 331.958160 11.790000 561.737915
v 356.930145 13.790000 561.736938
v 381.902161 13.790000 561.735840
v 406.874176 14.790000 561.734741
v 431.846161 13.790000 561.733521
v 456.818176 15.790000 561.732239
v -467.147583 6.790000 592.653809
v -442.175507 6.790000 592.655090
v -417.203400 6.790000 592.656311
v -392.231323 5.790000 592.657471
v -367.259247 5.790000 592.658569
v -342.287140 5.790000 592.659607
v -317.315063 5.790000 592.660522
v -292.342957 5.790000 592.661377
v -267.370880 5.790000 592.662231
v -242.398773 5.790000 592.662903
v -217.426682 6.790000 592.663574
v -192.454590 6.790000 592.664185
v -167.482498 6.790000 592.664673
v -142.510406 5.790000 592.665161
v -117.538315 2.790000 592.665527
v -92.566223 2.790000 592.665833
v -67.594131 1.790000 592.666016
v -42.622044 2.790000 592.666199
v -17.649952 2.790000 592.666260
v 7.322139 1.790000 592.666321
v 32.294231 2.790000 592.666260
v 57.266323 2.790000 592.666077
v 82.238411 2.790000 592.665894
v 107.210503 3.790000 592.665649
v 132.182602 3.790000 592.665283
v 157.154694 3.790000 592.664856
v 182.126785 5.790000 592.664368
v 207.098877 5.790000 592.663818
v 232.070969 6.790000 592.663208
v 257.043060 8.790000 592.662537
v 282.015137 9.790000 592.661743
v 306.987244 9.790000 592.660889
v 331.959320 10.790000 592.659973
v 356.931427 10.790000 592.658997
v 381.903503 10.790000 592.657959
v 406.875610 12.790000 592.656799
v 431.847687 12.790000 592.655640
v 456.819794 13.790000 592.654358
v -467.149261 7.790000 623.575867
v -442.177063 7.790000 623.577209
v -417.204895 7.790000 623.578430
v -392.232727 6.790000 623.579590
v -367.260529 5.790000 623.580627
v -342.288361 5.790000 623.581665
v -317.316162 5.790000 623.582642
v -292.343994 5.790000 623.583496
v -267.371826 4.790000 623.584290
v -242.399628 5.790000 623.585022
v -217.427460 6.790000 623.585693
v -192.455276 6.790000 623.586243
v -167.483093 6.790000 623.586792
v -142.510910 5.790000 623.587219
v -117.538734 3.790000 623.587585
v -92.566551 3.790000 623.587891
v -67.594376 3.790000 623.588135
v -42.622196 3.790000 623.588257
v -17.650015 3.790000 623.588379
v 7.322165 2.790000 623.588379
v 32.294346 2.790000 623.588318
v 57.266525 2.790000 623.588196
v 82.238701 2.790000 623.588013
v 107.210884 3.790000 623.587708
v 132.183060 3.790000 623.587402
v 157.155243 4.790000 623.586975
v 182.127426 4.790000 623.586487
v 207.099609 5.790000 623.585938
v 232.071777 8.790000 623.585266
v 257.043976 8.790000 623.584595
v 282.016144 9.790000 623.583801
v 306.988312 9.790000 623.583008
v 331.960510 10.790000 623.582092
v 356.932678 10.790000 623.581055
v 381.904877 10.790000 623.580017
v 406.877045 12.790000 623.578918
v 431.849213 14.790000 623.577698
v 456.821411 13.790000 623.576416
v -467.150909 8.790000 654.497986
v -442.178650 8.790000 654.499268
v -417.206360 6.790000 654.500488
v -392.234100 6.790000 654.501648
v -367.261841 5.790000 654.502747
v -342.289551 5.790000 654.503723
v -317.317291 4.790000 654.504700
v -292.345032 4.790000 654.505554
v -267.372772 4.790000 654.506348
v -242.400497 5.790000 654.507080
v -217.428223 5.790000 654.507751
v -192.455948 5.790000 654.508362
v -167.483688 5.790000 654.508850
v -142.511414 5.790000 654.509277
v -117.539146 4.790000 654.509644
v -92.566879 3.790000 654.509949
v -67.594612 5.790000 654.510193
v -42.622345 5.790000 654.510376
v -17.650078 5.790000 654.510437
v 7.322191 3.790000 654.510437
v 32.294460 3.790000 654.510376
v 57.266727 2.790000 654.510254
v 82.238998 2.790000 654.510071
v 107.211266 3.790000 654.509827
v 132.183533 3.790000 654.509460
v 157.155807 4.790000 654.509033
v 182.128067 4.790000 654.508545
v 207.100342 4.790000 654.507996
v 232.072601 7.790000 654.507385
v 257.044861 8.790000 654.506653
v 282.017151 8.790000 654.505920
v 306.989410 8.790000 654.505066
v 331.961670 11.790000 654.504150
v 356.933960 10.790000 654.503174
v 381.906219 10.790000 654.502136
v 406.878479 11.790000 654.500977
v 431.850739 13.790000 654.499756
v 456.823029 14.790000 654.498535
v -467.081421 -13.210000 -644.229431
v -442.112885 -13.210000 -644.228149
v -417.144318 -13.210000 -644.226929
v -392.175781 -13.210000 -644.225769
v -367.207214 -13.210000 -644.224670
v -342.238647 -13.210000 -644.223633
v -317.270111 -13.210000 -644.222717
v -292.301544 -13.210000 -644.221802
v -267.333008 -13.210000 -644.221008
v -242.364441 -13.210000 -644.220276
v -217.395889 -13.210000 -644.219666
v -192.427338 -13.210000 -644.219055
v -167.458786 -13.210000 -644.218567
v -142.490219 -13.210000 -644.218079
v -117.521667 -13.210000 -644.217712
v -92.553116 -13.210000 -644.217407
v -67.584564 -13.210000 -644.217224
v -42.616005 -13.210000 -644.217041
v -17.647453 -13.210000 -644.216980
v 7.321102 -13.210000 -644.216919
v 32.289658 -13.210000 -644.216980
v 57.258209 -13.210000 -644.217102
v 82.226768 -13.210000 -644.217346
v 107.195320 -13.210000 -644.217590
v 132.163879 -13.210000 -644.217957
v 157.132431 -13.210000 -644.218323
v 182.100983 -13.210000 -644.218811
v 207.069534 -13.210000 -644.219421
v 232.038086 -13.210000 -644.220032
v 257.006653 -13.210000 -644.220703
v 281.975189 -13.210000 -644.221497
v 306.943756 -13.210000 -644.222351
v 331.912323 -13.210000 -644.223267
v 356.880859 -13.210000 -644.224243
v 381.849426 -13.210000 -644.225281
v 406.817963 -13.210000 -644.226440
v 431.786530 -13.210000 -644.227600
v 456.755096 -13.210000 -644.228882
v -467.083099 -13.210000 -613.307373
v 456.756714 -13.210000 -613.306824
v -467.084747 -13.210000 -582.385254
v 456.758331 -13.210000 -582.384705
v -467.086395 -13.210000 -551.463196
v 456.759949 -13.210000 -551.462646
v -467.088043 -13.210000 -520.541138
v 456.761566 -13.210000 -520.540588
v -467.089691 -13.210000 -489.619019
v 456.763184 -13.210000 -489.618469
v -467.091370 -13.210000 -458.696960
v 456.764801 -13.210000 -458.696411
v -467.093018 -13.210000 -427.774872
v 456.766418 -13.210000 -427.774323
v -467.094666 -13.210000 -396.852783
v 456.768036 -13.210000 -396.852234
v -467.096313 -13.210000 -365.930695
v 456.769653 -13.210000 -365.930145
v -467.097961 -13.210000 -335.008636
v 456.771271 -13.210000 -335.008087
v -467.099640 -13.210000 -304.086548
v 456.772888 -13.210000 -304.085999
v -467.101288 -13.210000 -273.164459
v 456.774506 -13.210000 -273.163910
v -467.102936 -13.210000 -242.242386
v 456.776123 -13.210000 -242.241837
v -467.104584 -13.210000 -211.320297
v 456.777740 -13.210000 -211.319748
v -467.106232 -13.210000 -180.398224
v 456.779358 -13.210000 -180.397675
v -467.107910 -13.210000 -149.476135
v 456.780975 -13.210000 -149.475586
v -467.109558 -13.210000 -118.554054
v 456.782593 -13.210000 -118.553513
v -467.111206 -13.210000 -87.631973
v 456.784210 -13.210000 -87.631432
v -467.112854 -13.210000 -56.709896
v 456.785828 -13.210000 -56.709351
v -467.114502 -13.210000 -25.787815
v 456.787445 -13.210000 -25.787268
v -467.116180 -13.210000 5.134266
v 456.789062 -13.210000 5.134812
v -467.117828 -13.210000 36.056347
v 456.790680 -13.210000 36.056892
v -467.119476 -13.210000 66.978424
v 456.792297 -13.210000 66.978973
v -467.121124 -13.210000 97.900505
v 456.793915 -13.210000 97.901054
v -467.122803 -13.210000 128.822586
v 456.795532 -13.210000 128.823135
v -467.124451 -13.210000 159.744675
v 456.797150 -13.210000 159.745224
v -467.126099 -13.210000 190.666748
v 456.798767 -13.210000 190.667297
v -467.127747 -13.210000 221.588837
v 456.800385 -13.210000 221.589371
v -467.129395 -13.210000 252.510910
v 456.802002 -13.210000 252.511459
v -467.131073 -13.210000 283.432983
v 456.803619 -13.210000 283.433533
v -467.132721 -13.210000 314.355072
v 456.805237 -13.210000 314.355621
v -467.134369 -13.210000 345.277161
v 456.806854 -13.210000 345.277710
v -467.136017 -13.210000 376.199249
v 456.808472 -13.210000 376.199768
v -467.137665 -13.210000 407.121307
v 456.810089 -13.210000 407.121857
v -467.139313 -13.210000 438.043396
v 456.811707 -13.210000 438.043945
v -467.140991 -13.210000 468.965485
v 456.813324 -13.210000 468.966034
v -467.142639 -13.210000 499.887573
v 456.814941 -13.210000 499.888092
v -467.144287 -13.210000 530.809631
v 456.816559 -13.210000 530.810181
v -467.145935 -13.210000 561.731750
v 456.818176 -13.210000 561.732239
v -467.147583 -13.210000 592.653809
v 456.819794 -13.210000 592.654358
v -467.149261 -13.210000 623.575867
v 456.821411 -13.210000 623.576416
v -467.150909 -13.210000 654.497986
v -442.178650 -13.210000 654.499268
v -417.206360 -13.210000 654.500488
v -392.234100 -13.210000 654.501648
v -367.261841 -13.210000 654.502747
v -342.289551 -13.210000 654.503723
v -317.317291 -13.210000 654.504700
v -292.345032 -13.210000 654.505554
v -267.372772 -13.210000 654.506348
v -242.400497 -13.210000 654.507080
v -217.428223 -13.210000 654.507751
v -192.455948 -13.210000 654.508362
v -167.483688 -13.210000 654.508850
v -142.511414 -13.210000 654.509277
v -117.539146 -13.210000 654.509644
v -92.566879 -13.210000 654.509949
v -67.594612 -13.210000 654.510193
v -42.622345 -13.210000 654.510376
v -17.650078 -13.210000 654.510437
v 7.322191 -13.210000 654.510437
v 32.294460 -13.210000 654.510376
v 57.266727 -13.210000 654.510254
v 82.238998 -13.210000 654.510071
v 107.211266 -13.210000 654.509827
v 132.183533 -13.210000 654.509460
v 157.155807 -13.210000 654.509033
v 182.128067 -13.210000 654.508545
v 207.100342 -13.210000 654.507996
v 232.072601 -13.210000 654.507385
v 257.044861 -13.210000 654.506653
v 282.017151 -13.210000 654.505920
v 306.989410 -13.210000 654.505066
v 331.961670 -13.210000 654.504150
v 356.933960 -13.210000 654.503174
v 381.906219 -13.210000 654.502136
v 406.878479 -13.210000 654.500977
v 431.850739 -13.210000 654.499756
v 456.823029 -13.210000 654.498535
vn -0.0150 0.9997 -0.0202
vn -0.0100 0.9999 -0.0081
vn -0.0000 1.0000 -0.0000
vn -0.0000 0.9999 -0.0162
vn -0.0200 0.9995 -0.0242
vn -0.0200 0.9997 -0.0162
vn -0.0200 0.9993 -0.0323
vn -0.0399 0.9980 -0.0482
vn -0.0300 0.9995 -0.0081
vn -0.0499 0.9976 -0.0484
vn -0.0600 0.9981 -0.0161
vn -0.0500 0.9982 -0.0323
vn -0.0450 0.9988 -0.0202
vn -0.0500 0.9985 -0.0242
vn -0.0100 0.9997 -0.0242
vn -0.0050 0.9993 -0.0364
vn 0.0400 0.9989 -0.0242
vn 0.0200 0.9997 -0.0162
vn 0.0599 0.9982 0.0081
vn 0.0400 0.9991 0.0161
vn 0.0649 0.9975 0.0282
vn 0.0599 0.9977 0.0323
vn 0.0649 0.9977 0.0202
vn 0.0798 0.9963 0.0322
vn 0.0150 0.9998 -0.0121
vn 0.0400 0.9992 -0.0000
vn -0.0150 0.9989 -0.0444
vn -0.0000 0.9979 -0.0646
vn -0.0200 0.9982 -0.0564
vn -0.0199 0.9951 -0.0965
vn -0.0250 0.9983 -0.0524
vn -0.0299 0.9956 -0.0886
vn -0.0250 0.9987 -0.0444
vn -0.0300 0.9980 -0.0565
vn -0.0100 0.9984 -0.0565
vn -0.0000 0.9988 -0.0485
vn -0.0200 0.9977 -0.0645
vn -0.0000 0.9992 -0.0404
vn 0.0150 0.9995 -0.0283
vn 0.0100 0.9991 -0.0404
vn 0.0300 0.9993 -0.0242
vn 0.0550 0.9981 -0.0282
vn 0.0600 0.9981 -0.0161
vn 0.0450 0.9986 -0.0282
vn 0.0400 0.9991 -0.0162
vn 0.0050 0.9998 -0.0202
vn -0.0100 0.9998 -0.0162
vn 0.0100 0.9998 -0.0162
vn 0.0100 0.9997 -0.0242
vn 0.0150 0.9997 -0.0202
vn 0.0350 0.9992 -0.0202
vn 0.0300 0.9987 -0.0404
vn 0.0599 0.9970 -0.0484
vn -0.0250 0.9993 -0.0283
vn -0.0250 0.9990 -0.0363
vn -0.0349 0.9984 -0.0444
vn -0.0449 0.9980 -0.0442
vn -0.0400 0.9984 -0.0403
vn -0.0350 0.9987 -0.0363
vn -0.0250 0.9995 -0.0202
vn -0.0250 0.9996 -0.0121
vn -0.0000 0.9999 -0.0161
vn 0.0648 0.9979 -0.0040
vn 0.0897 0.9959 0.0081
vn 0.0649 0.9978 0.0121
vn 0.0250 0.9996 -0.0121
vn -0.0100 0.9994 -0.0323
vn -0.0400 0.9976 -0.0565
vn 0.0100 0.9984 -0.0565
vn 0.0200 0.9990 -0.0404
vn 0.0250 0.9993 -0.0283
vn 0.0500 0.9982 -0.0323
vn -0.0150 0.9998 -0.0121
vn 0.0500 0.9987 -0.0081
vn 0.0798 0.9968 -0.0000
vn -0.0350 0.9993 -0.0121
vn -0.0350 0.9992 -0.0202
vn -0.0400 0.9991 -0.0162
vn -0.0050 0.9998 -0.0202
vn -0.0200 0.9998 -0.0081
vn -0.0250 0.9997 0.0040
vn 0.0200 0.9997 0.0162
vn 0.0699 0.9973 0.0242
vn 0.0848 0.9963 0.0121
vn 0.0449 0.9989 -0.0121
vn -0.0050 0.9996 -0.0283
vn -0.0150 0.9992 -0.0363
vn -0.0200 0.9990 -0.0404
vn -0.0449 0.9976 -0.0524
vn -0.0200 0.9986 -0.0484
vn 0.0200 0.9986 -0.0484
vn 0.0350 0.9984 -0.0444
vn 0.0350 0.9987 -0.0363
vn 0.0350 0.9990 -0.0283
vn 0.0450 0.9986 -0.0283
vn 0.0200 0.9993 -0.0323
vn 0.0050 0.9996 -0.0283
vn 0.0050 0.9999 -0.0121
vn 0.0150 0.9999 -0.0040
vn 0.0250 0.9997 0.0040
vn 0.0648 0.9978 0.0120
vn 0.0996 0.9949 0.0161
vn -0.0150 0.9998 0.0121
vn -0.0100 0.9999 0.0081
vn -0.0450 0.9989 0.0121
vn -0.0600 0.9982 -0.0000
vn -0.0400 0.9992 -0.0081
vn -0.0050 0.9999 -0.0121
vn -0.0000 1.0000 -0.0081
vn 0.0349 0.9992 0.0202
vn 0.0499 0.9987 0.0081
vn -0.0399 0.9980 -0.0484
vn -0.0350 0.9984 -0.0444
vn -0.0500 0.9979 -0.0403
vn 0.0200 0.9995 -0.0242
vn 0.0450 0.9980 -0.0444
vn 0.0400 0.9984 -0.0404
vn 0.0150 0.9999 0.0040
vn 0.0250 0.9996 0.0121
vn 0.0449 0.9986 0.0282
vn 0.0699 0.9967 0.0403
vn 0.0698 0.9968 0.0403
vn -0.0000 0.9999 0.0162
vn -0.0550 0.9985 0.0040
vn -0.0649 0.9979 0.0040
vn -0.0400 0.9992 0.0081
vn -0.0300 0.9995 0.0081
vn -0.0350 0.9993 0.0121
vn -0.0200 0.9998 0.0081
vn 0.0050 1.0000 -0.0040
vn 0.0400 0.9991 0.0162
vn 0.0550 0.9985 0.0040
vn -0.0150 0.9995 -0.0283
vn -0.0300 0.9990 -0.0323
vn -0.0399 0.9984 -0.0403
vn -0.0549 0.9971 -0.0524
vn -0.0150 0.9985 -0.0525
vn -0.0249 0.9987 -0.0444
vn -0.0449 0.9983 -0.0363
vn -0.0000 0.9995 -0.0323
vn 0.0150 0.9992 -0.0363
vn 0.0250 0.9987 -0.0444
vn 0.0300 0.9984 -0.0484
vn 0.0250 0.9983 -0.0525
vn 0.0499 0.9972 -0.0564
vn 0.0499 0.9976 -0.0484
vn 0.0150 0.9992 -0.0364
vn 0.0100 0.9999 0.0081
vn 0.0200 0.9998 0.0081
vn 0.0300 0.9995 0.0081
vn 0.0698 0.9974 0.0161
vn 0.0647 0.9977 0.0201
vn -0.0150 0.9999 -0.0040
vn 0.0100 0.9999 -0.0081
vn -0.0550 0.9984 0.0121
vn -0.0400 0.9991 0.0161
vn -0.0300 0.9994 0.0162
vn -0.0050 0.9999 0.0121
vn 0.0350 0.9994 -0.0040
vn 0.0350 0.9993 -0.0121
vn -0.0250 0.9983 -0.0525
vn -0.0450 0.9980 -0.0444
vn -0.0499 0.9982 -0.0322
vn -0.0100 0.9988 -0.0484
vn 0.0200 0.9982 -0.0565
vn 0.0350 0.9980 -0.0525
vn 0.0449 0.9983 -0.0363
vn 0.0599 0.9974 -0.0403
vn 0.0150 0.9989 -0.0444
vn 0.0549 0.9978 -0.0362
vn 0.0399 0.9992 -0.0079
vn 0.0150 0.9998 0.0121
vn 0.0300 0.9994 0.0162
vn 0.0748 0.9971 0.0121
vn 0.0548 0.9985 0.0040
vn -0.0400 0.9992 -0.0000
vn -0.0400 0.9989 0.0242
vn -0.0300 0.9995 -0.0000
vn -0.0050 0.9996 0.0283
vn 0.0150 0.9995 0.0283
vn -0.0400 0.9980 -0.0484
vn -0.0050 0.9990 -0.0444
vn -0.0350 0.9994 -0.0040
vn -0.0450 0.9986 -0.0283
vn -0.0300 0.9987 -0.0404
vn -0.0200 0.9990 -0.0403
vn 0.0050 0.9990 -0.0444
vn 0.0399 0.9980 -0.0484
vn 0.0449 0.9980 -0.0444
vn 0.0450 0.9983 -0.0363
vn 0.0549 0.9978 -0.0363
vn 0.0250 0.9990 -0.0363
vn 0.0100 0.9994 -0.0323
vn 0.0497 0.9976 -0.0483
vn 0.0748 0.9958 -0.0523
vn 0.0448 0.9988 -0.0201
vn 0.0350 0.9993 0.0121
vn 0.0399 0.9992 -0.0081
vn -0.0250 0.9997 -0.0040
vn -0.0250 0.9996 0.0121
vn -0.0000 1.0000 0.0081
vn -0.0300 0.9984 -0.0484
vn -0.0300 0.9993 -0.0242
vn -0.0549 0.9981 -0.0282
vn 0.0500 0.9979 -0.0403
vn 0.0300 0.9995 -0.0081
vn 0.0697 0.9976 0.0002
vn 0.0698 0.9974 -0.0161
vn 0.0400 0.9992 -0.0081
vn -0.0100 0.9991 -0.0404
vn -0.0250 0.9993 -0.0282
vn -0.0599 0.9974 -0.0403
vn 0.0550 0.9983 -0.0202
vn 0.0500 0.9985 -0.0242
vn 0.0549 0.9983 -0.0202
vn 0.0549 0.9985 -0.0040
vn 0.0400 0.9992 -0.0001
vn 0.0500 0.9985 -0.0243
vn 0.0599 0.9977 -0.0322
vn 0.0499 0.9986 -0.0161
vn -0.0400 0.9987 -0.0323
vn -0.0300 0.9994 -0.0161
vn 0.0050 0.9990 -0.0443
vn -0.0249 0.9987 -0.0442
vn -0.0249 0.9990 -0.0364
vn -0.0050 0.9993 -0.0363
vn -0.0449 0.9980 -0.0444
vn -0.0549 0.9975 -0.0444
vn -0.0000 0.9997 -0.0242
vn 0.0600 0.9982 -0.0081
vn 0.0449 0.9988 -0.0201
vn 0.0649 0.9972 -0.0363
vn 0.0400 0.9987 -0.0323
vn 0.0647 0.9972 -0.0362
vn 0.0647 0.9972 -0.0363
vn -0.0200 0.9998 -0.0000
vn -0.0450 0.9983 -0.0363
vn -0.0100 0.9979 -0.0644
vn -0.0150 0.9975 -0.0685
vn -0.0099 0.9984 -0.0565
vn -0.0100 0.9988 -0.0485
vn 0.0250 0.9995 -0.0202
vn 0.0550 0.9984 -0.0121
vn 0.0300 0.9994 -0.0162
vn 0.0499 0.9985 -0.0242
vn 0.0250 0.9993 -0.0282
vn 0.0548 0.9981 -0.0282
vn 0.0698 0.9970 -0.0322
vn -0.0400 0.9991 -0.0161
vn 0.0500 0.9976 -0.0484
vn 0.0697 0.9970 -0.0323
vn 0.0847 0.9964 -0.0041
vn 0.0250 0.9997 -0.0040
vn -0.0500 0.9987 -0.0081
vn -0.0600 0.9981 0.0161
vn -0.0499 0.9986 0.0161
vn -0.0550 0.9985 -0.0040
vn -0.0350 0.9990 -0.0283
vn 0.0400 0.9980 -0.0484
vn 0.0549 0.9975 -0.0444
vn 0.0890 0.9957 -0.0242
vn 0.1037 0.9944 -0.0200
vn -0.0050 1.0000 -0.0040
vn -0.0100 0.9999 -0.0000
vn -0.0499 0.9985 0.0241
vn -0.0500 0.9982 0.0323
vn -0.0449 0.9983 0.0363
vn -0.0549 0.9975 0.0444
vn -0.0549 0.9975 0.0443
vn -0.0549 0.9978 0.0362
vn -0.0250 0.9993 0.0282
vn -0.0300 0.9994 -0.0162
vn 0.0599 0.9977 -0.0323
vn 0.0450 0.9988 -0.0201
vn 0.0794 0.9967 -0.0160
vn 0.0946 0.9949 -0.0362
vn 0.0149 0.9992 -0.0364
vn -0.0350 0.9990 0.0282
vn -0.0599 0.9974 0.0403
vn -0.0250 0.9983 0.0525
vn -0.0499 0.9976 0.0484
vn -0.0349 0.9987 0.0363
vn -0.0300 0.9993 0.0242
vn -0.0250 0.9995 0.0202
vn -0.0350 0.9992 0.0201
vn -0.0050 1.0000 0.0040
vn 0.0349 0.9984 -0.0444
vn 0.0748 0.9962 -0.0443
vn 0.0448 0.9980 -0.0443
vn 0.0698 0.9967 -0.0403
vn 0.0699 0.9973 -0.0242
vn 0.0748 0.9971 -0.0121
vn 0.0699 0.9974 -0.0161
vn -0.0200 0.9997 -0.0161
vn -0.0449 0.9990 -0.0041
vn -0.0399 0.9991 0.0162
vn -0.0150 0.9995 0.0282
vn -0.0599 0.9977 0.0322
vn -0.0350 0.9987 0.0363
vn -0.0349 0.9984 0.0444
vn -0.0498 0.9976 0.0483
vn -0.0050 0.9990 0.0444
vn -0.0150 0.9989 0.0444
vn -0.0350 0.9980 0.0524
vn -0.0400 0.9984 0.0404
vn -0.0150 0.9999 0.0040
vn 0.0648 0.9965 -0.0523
vn 0.0449 0.9972 -0.0605
vn 0.0448 0.9976 -0.0524
vn 0.0897 0.9952 -0.0402
vn 0.0946 0.9953 -0.0201
vn 0.0798 0.9968 -0.0081
vn -0.0400 0.9989 -0.0242
vn -0.0150 0.9992 -0.0364
vn -0.0500 0.9988 -0.0000
vn -0.0199 0.9997 0.0161
vn -0.0400 0.9987 0.0322
vn -0.0250 0.9993 0.0283
vn 0.0450 0.9988 -0.0202
vn 0.0892 0.9955 -0.0321
vn 0.1091 0.9932 -0.0402
vn 0.0897 0.9955 -0.0321
vn 0.0597 0.9981 -0.0161
vn 0.0200 0.9998 -0.0000
vn -0.0450 0.9986 -0.0282
vn -0.0050 0.9986 -0.0525
vn 0.0050 0.9986 -0.0525
vn -0.0450 0.9990 -0.0040
vn -0.0399 0.9992 -0.0081
vn -0.0300 0.9996 -0.0000
vn 0.0450 0.9989 -0.0121
vn 0.0649 0.9979 -0.0040
vn 0.0500 0.9987 0.0081
vn 0.0745 0.9971 0.0121
vn 0.0847 0.9963 -0.0120
vn 0.1039 0.9942 -0.0281
vn 0.0791 0.9967 -0.0161
vn -0.0599 0.9981 -0.0161
vn 0.0050 0.9993 -0.0364
vn -0.0200 0.9982 -0.0565
vn -0.0450 0.9990 0.0040
vn 0.0798 0.9963 -0.0322
vn 0.0896 0.9960 0.0001
vn 0.0549 0.9978 0.0363
vn 0.0940 0.9954 0.0202
vn 0.0741 0.9972 -0.0041
vn -0.0499 0.9987 0.0081
vn 0.0349 0.9993 -0.0122
vn 0.0993 0.9951 -0.0002
vn 0.0995 0.9950 -0.0081
vn 0.0947 0.9953 -0.0200
vn 0.0746 0.9972 0.0042
vn 0.0498 0.9988 -0.0000
vn -0.0100 0.9991 -0.0403
vn -0.0350 0.9994 -0.0041
vn 0.0593 0.9981 0.0161
vn 0.1092 0.9935 0.0321
vn 0.0599 0.9981 0.0161
vn 0.0988 0.9951 -0.0000
vn 0.0992 0.9951 -0.0000
vn 0.0599 0.9982 -0.0000
vn -0.0399 0.9991 -0.0161
vn -0.0550 0.9981 -0.0282
vn -0.0350 0.9994 0.0040
vn -0.0250 0.9997 -0.0041
vn 0.0050 1.0000 0.0040
vn 0.0250 0.9993 0.0282
vn 0.0794 0.9957 0.0482
vn 0.0844 0.9960 0.0282
vn 0.0400 0.9992 0.0081
vn 0.0848 0.9964 -0.0042
vn 0.0945 0.9953 -0.0202
vn -0.0647 0.9975 -0.0282
vn -0.0647 0.9969 -0.0443
vn -0.0200 0.9997 0.0162
vn -0.0350 0.9992 0.0202
vn -0.0550 0.9985 0.0041
vn 0.0648 0.9975 0.0282
vn 0.0847 0.9954 0.0442
vn 0.0449 0.9983 0.0362
vn 0.0150 0.9999 0.0041
vn 0.0548 0.9981 -0.0281
vn 0.1044 0.9941 -0.0282
vn 0.0797 0.9967 -0.0161
vn -0.0745 0.9970 -0.0202
vn -0.0795 0.9965 -0.0242
vn -0.0349 0.9992 0.0202
vn -0.0749 0.9970 0.0201
vn -0.0499 0.9987 0.0080
vn -0.0550 0.9984 -0.0121
vn 0.0200 0.9990 -0.0403
vn 0.0548 0.9962 -0.0683
vn 0.1092 0.9915 -0.0712
vn 0.0690 0.9973 -0.0235
vn 0.0050 0.9998 0.0202
vn 0.0497 0.9980 0.0402
vn 0.0996 0.9945 0.0322
vn 0.0498 0.9987 -0.0081
vn -0.0647 0.9961 -0.0603
vn -0.0796 0.9957 -0.0483
vn -0.0500 0.9979 -0.0404
vn -0.0597 0.9974 0.0402
vn -0.0647 0.9965 0.0523
vn -0.0499 0.9979 0.0403
vn -0.0549 0.9978 0.0363
vn -0.0200 0.9990 0.0404
vn -0.0000 0.9995 0.0323
vn -0.0100 0.9997 0.0242
vn -0.0200 0.9995 0.0242
vn -0.0400 0.9991 0.0162
vn -0.0050 0.9998 0.0202
vn -0.0050 0.9996 0.0282
vn -0.0100 0.9999 0.0080
vn -0.0002 0.9995 -0.0318
vn 0.1266 0.9904 -0.0551
vn 0.1324 0.9905 -0.0361
vn 0.0649 0.9972 0.0363
vn 0.0499 0.9986 0.0160
vn -0.0000 0.9997 -0.0243
vn -0.0599 0.9961 -0.0643
vn -0.0549 0.9971 -0.0523
vn -0.0499 0.9979 -0.0403
vn -0.0249 0.9996 0.0121
vn -0.0599 0.9977 0.0321
vn -0.0400 0.9980 0.0484
vn -0.0200 0.9982 0.0565
vn -0.0200 0.9986 0.0484
vn -0.0150 0.9992 0.0364
vn -0.0200 0.9993 0.0323
vn -0.0400 0.9987 0.0323
vn -0.0300 0.9990 0.0323
vn -0.0100 0.9998 0.0162
vn 0.0050 0.9996 0.0283
vn 0.0100 0.9991 0.0404
vn -0.0000 0.9984 0.0564
vn -0.0299 0.9975 0.0644
vn -0.0299 0.9975 0.0645
vn 0.1033 0.9937 0.0444
vn 0.1380 0.9904 0.0079
vn 0.0599 0.9981 -0.0162
vn -0.0549 0.9978 -0.0363
vn 0.0050 0.9999 0.0121
vn 0.0100 0.9999 -0.0000
vn -0.0100 0.9998 0.0161
vn -0.0000 0.9984 0.0565
vn 0.0696 0.9950 0.0723
vn 0.0846 0.9958 0.0362
vn 0.0699 0.9976 -0.0000
vn -0.0349 0.9987 -0.0363
vn -0.0500 0.9987 -0.0000
vn -0.0450 0.9989 -0.0121
vn 0.0500 0.9987 0.0001
vn 0.0349 0.9987 0.0362
vn 0.0448 0.9989 0.0122
vn 0.0298 0.9995 -0.0081
vn -0.0200 0.9995 -0.0243
vn -0.0500 0.9987 -0.0080
vn -0.0000 0.9992 -0.0403
vn -0.0000 0.9988 -0.0484
vn -0.0100 0.9998 -0.0161
vn 0.0794 0.9968 -0.0001
vn 0.0996 0.9950 0.0080
vn -0.0100 0.9988 -0.0483
vn 0.0199 0.9966 -0.0803
vn -0.0001 0.9984 -0.0564
vn -0.0647 0.9979 -0.0040
vn -0.0498 0.9985 -0.0243
vn 0.0100 0.9991 -0.0403
vn -0.0450 0.9988 0.0202
vn 0.0299 0.9995 0.0081
vn 0.0745 0.9970 0.0199
vn -0.0447 0.9986 -0.0282
vn -0.0697 0.9949 -0.0724
vn 0.0348 0.9965 -0.0761
vn 0.0496 0.9976 -0.0484
vn -0.0646 0.9965 -0.0523
vn -0.0696 0.9964 -0.0484
vn -0.0450 0.9980 0.0443
vn -0.0499 0.9988 -0.0000
vn -0.0549 0.9983 -0.0202
vn 0.0549 0.9983 0.0202
vn 0.0348 0.9994 -0.0041
vn -0.0943 0.9951 -0.0281
vn -0.0843 0.9958 -0.0362
vn 0.0547 0.9981 -0.0283
vn 0.0647 0.9975 -0.0282
vn -0.0400 0.9984 -0.0404
vn -0.0599 0.9970 -0.0483
vn -0.0598 0.9974 -0.0402
vn -0.0150 0.9992 0.0363
vn -0.0449 0.9976 0.0524
vn -0.0748 0.9965 0.0363
vn -0.0897 0.9960 -0.0000
vn -0.0548 0.9984 -0.0121
vn 0.0099 1.0000 -0.0000
vn -0.1093 0.9940 -0.0080
vn -0.0793 0.9968 -0.0080
vn 0.0547 0.9984 -0.0121
vn 0.0498 0.9985 -0.0242
vn -0.0550 0.9983 -0.0202
vn -0.0500 0.9986 -0.0161
vn -0.0299 0.9993 0.0242
vn -0.1092 0.9937 0.0241
vn -0.1140 0.9934 0.0120
vn 0.0150 0.9992 0.0363
vn 0.0150 0.9989 0.0444
vn -0.0100 0.9994 0.0323
vn 0.0749 0.9972 -0.0040
vn -0.0099 0.9998 -0.0161
vn -0.1045 0.9943 -0.0201
vn -0.0698 0.9975 -0.0081
vn 0.0398 0.9992 -0.0081
vn 0.0249 0.9993 -0.0283
vn -0.0299 0.9994 -0.0161
vn 0.0250 0.9979 -0.0605
vn 0.0250 0.9983 -0.0524
vn 0.0150 0.9989 -0.0443
vn 0.0150 0.9995 -0.0282
vn -0.1132 0.9929 0.0361
vn -0.1130 0.9926 0.0442
vn -0.0100 0.9984 0.0565
vn -0.0000 0.9979 0.0645
vn 0.0150 0.9981 0.0605
vn 0.0200 0.9982 0.0565
vn -0.0050 0.9982 0.0605
vn -0.0199 0.9993 0.0323
vn -0.0050 0.9993 0.0364
vn -0.0396 0.9989 -0.0242
vn -0.0995 0.9942 -0.0402
vn -0.0399 0.9989 -0.0242
vn -0.0499 0.9972 -0.0564
vn -0.0350 0.9970 -0.0685
vn -0.0349 0.9970 -0.0685
vn -0.0350 0.9976 -0.0605
vn 0.0050 0.9977 -0.0682
vn 0.0099 0.9973 -0.0722
vn -0.0150 0.9981 -0.0603
vn 0.0050 0.9986 -0.0524
vn 0.0200 0.9986 -0.0483
vn -0.0448 0.9980 -0.0444
vn -0.0348 0.9987 -0.0362
vn 0.0100 0.9988 -0.0484
vn 0.0200 0.9977 -0.0645
vn 0.0300 0.9969 -0.0725
vn 0.0250 0.9973 -0.0685
vn 0.0400 0.9976 -0.0565
vn -0.0885 0.9959 0.0159
vn -0.1087 0.9936 0.0321
vn 0.0100 0.9997 0.0242
vn 0.0150 0.9997 0.0202
vn -0.0000 0.9999 0.0161
vn 0.0350 0.9987 0.0363
vn 0.0151 0.9999 0.0041
vn -0.0743 0.9966 -0.0361
vn -0.0793 0.9963 -0.0321
vn -0.0349 0.9990 -0.0283
vn -0.0748 0.9958 -0.0523
vn -0.0499 0.9961 -0.0725
vn -0.0250 0.9968 -0.0765
vn 0.0100 0.9967 -0.0804
vn 0.0200 0.9966 -0.0801
vn -0.0000 0.9974 -0.0724
vn 0.0150 0.9981 -0.0604
vn 0.0200 0.9982 -0.0564
vn -0.0050 0.9996 -0.0282
vn 0.0548 0.9961 -0.0684
vn 0.0697 0.9960 -0.0563
vn -0.0445 0.9988 -0.0203
vn -0.0994 0.9950 0.0081
vn 0.0100 0.9998 0.0162
vn 0.0599 0.9982 -0.0081
vn 0.0399 0.9991 0.0162
vn -0.0299 0.9994 0.0162
vn -0.0849 0.9963 0.0121
vn -0.0648 0.9978 0.0121
vn -0.0946 0.9945 -0.0442
vn -0.0598 0.9970 -0.0484
vn 0.0200 0.9998 -0.0081
vn 0.0546 0.9971 -0.0523
vn 0.0846 0.9950 -0.0523
vn -0.0649 0.9978 0.0121
vn 0.0150 0.9985 0.0525
vn -0.0000 0.9992 0.0404
vn -0.0349 0.9994 0.0040
vn 0.0797 0.9968 -0.0081
vn 0.0548 0.9985 -0.0040
vn -0.0698 0.9970 0.0320
vn -0.0897 0.9957 0.0242
vn -0.0648 0.9978 -0.0121
vn -0.0548 0.9978 -0.0363
vn -0.0897 0.9957 -0.0241
vn -0.0499 0.9987 -0.0080
vn 0.0349 0.9993 -0.0121
vn 0.0847 0.9960 -0.0281
vn 0.0798 0.9965 -0.0242
vn 0.0100 0.9994 0.0323
vn 0.0050 0.9993 0.0363
vn -0.0398 0.9984 0.0403
vn -0.0250 0.9990 0.0364
vn -0.0199 0.9986 0.0482
vn 0.0598 0.9977 0.0323
vn 0.0448 0.9990 0.0040
vn -0.0599 0.9979 -0.0242
vn -0.0847 0.9963 -0.0121
vn -0.0499 0.9987 -0.0081
vn -0.0649 0.9979 0.0041
vn -0.0450 0.9986 0.0283
vn -0.0299 0.9990 0.0320
vn -0.0000 0.9995 0.0321
vn 0.0797 0.9968 -0.0000
vn 0.0100 0.9998 -0.0161
vn -0.0300 0.9994 0.0161
vn -0.0150 0.9985 0.0523
vn -0.0599 0.9977 -0.0323
vn -0.0897 0.9957 -0.0242
vn -0.0598 0.9982 0.0001
vn -0.0350 0.9984 0.0443
vn -0.0300 0.9980 0.0564
vn -0.0249 0.9968 0.0764
vn -0.0398 0.9960 0.0806
vn 0.0748 0.9972 -0.0040
vn 0.0598 0.9981 -0.0162
vn 0.0050 0.9993 -0.0363
vn -0.0100 0.9991 0.0403
vn -0.0349 0.9984 0.0443
vn 0.0449 0.9988 -0.0202
vn -0.0599 0.9982 0.0081
vn -0.0648 0.9979 -0.0041
vn -0.0200 0.9986 -0.0485
vn -0.0000 0.9979 -0.0645
vn 0.0299 0.9980 -0.0565
vn -0.0696 0.9973 0.0242
vn -0.0698 0.9973 0.0242
vn -0.0299 0.9995 -0.0081
vn -0.0699 0.9973 0.0242
vn 0.0001 -0.0000 -1.0000
vn -1.0000 -0.0000 -0.0001
vn -0.0000 -0.0000 -1.0000
vn -0.0000 -0.0000 1.0000
vn 1.0000 -0.0000 -0.0001
vn -0.0001 -0.0000 -1.0000
vn -0.0001 -0.0000 1.0000
s 1
usemtl 
f 40//1 2//2 1//3 39//4
f 41//5 3//6 2//2 40//1
f 42//7 4//2 3//6 41//5
f 43//8 5//9 4//2 42//7
f 44//10 6//11 5//9 43//8
f 45//12 7//11 6//11 44//10
f 46//13 8//14 7//11 45//12
f 47//6 9//6 8//14 46//13
f 48//15 10//3 9//6 47//6
f 49//16 11//4 10//3 48//15
f 50//17 12//18 11//4 49//16
f 51//19 13//20 12//18 50//17
f 52//21 14//22 13//20 51//19
f 53//23 15//24 14//22 52//21
f 54//25 16//26 15//24 53//23
f 55//27 17//28 16//26 54//25
f 56//29 18//30 17//28 55//27
f 57//31 19//32 18//30 56//29
f 58//33 20//34 19//32 57//31
f 59//33 21//7 20//34 58//33
f 60//35 22//36 21//7 59//33
f 61//35 23//37 22//36 60//35
f 62//38 24//35 23//37 61//35
f 63//39 25//40 24//35 62//38
f 64//41 26//41 25//40 63//39
f 65//42 27//43 26//41 64//41
f 66//44 28//45 27//43 65//42
f 67//46 29//4 28//45 66//44
f 68//6 30//6 29//4 67//46
f 69//47 31//2 30//6 68//6
f 70//47 32//2 31//2 69//47
f 71//47 33//15 32//2 70//47
f 72//48 34//49 33//15 71//47
f 73//50 35//18 34//49 72//48
f 74//49 36//49 35//18 73//50
f 75//51 37//52 36//49 74//49
f 76//43 38//53 37//52 75//51
f 78//54 40//1 39//4 77//15
f 79//55 41//5 40//1 78//54
f 80//56 42//7 41//5 79//55
f 81//57 43//8 42//7 80//56
f 82//58 44//10 43//8 81//57
f 83//59 45//12 44//10 82//58
f 84//60 46//13 45//12 83//59
f 85//61 47//6 46//13 84//60
f 86//60 48//15 47//6 85//61
f 87//62 49//16 48//15 86//60
f 88//63 50//17 49//16 87//62
f 89//64 51//19 50//17 88//63
f 90//65 52//21 51//19 89//64
f 91//66 53//23 52//21 90//65
f 92//67 54//25 53//23 91//66
f 93//54 55//27 54//25 92//67
f 94//5 56//29 55//27 93//54
f 95//5 57//31 56//29 94//5
f 96//59 58//33 57//31 95//5
f 97//68 59//33 58//33 96//59
f 98//37 60//35 59//33 97//68
f 99//69 61//35 60//35 98//37
f 100//70 62//38 61//35 99//69
f 101//71 63//39 62//38 100//70
f 102//41 64//41 63//39 101//71
f 103//44 65//42 64//41 102//41
f 104//72 66//44 65//42 103//44
f 105//39 67//46 66//44 104//72
f 106//47 68//6 67//46 105//39
f 107//2 69//47 68//6 106//47
f 108//73 70//47 69//47 107//2
f 109//47 71//47 70//47 108//73
f 110//46 72//48 71//47 109//47
f 111//49 73//50 72//48 110//46
f 112//50 74//49 73//50 111//49
f 113//74 75//51 74//49 112//50
f 114//75 76//43 75//51 113//74
f 116//61 78//54 77//15 115//6
f 117//76 79//55 78//54 116//61
f 118//13 80//56 79//55 117//76
f 119//77 81//57 80//56 118//13
f 120//78 82//58 81//57 119//77
f 121//77 83//59 82//58 120//78
f 122//79 84//60 83//59 121//77
f 123//80 85//61 84//60 122//79
f 124//81 86//60 85//61 123//80
f 125//82 87//62 86//60 124//81
f 126//83 88//63 87//62 125//82
f 127//84 89//64 88//63 126//83
f 128//85 90//65 89//64 127//84
f 129//86 91//66 90//65 128//85
f 130//87 92//67 91//66 129//86
f 131//88 93//54 92//67 130//87
f 132//33 94//5 93//54 131//88
f 133//31 95//5 94//5 132//33
f 134//89 96//59 95//5 133//31
f 135//10 97//68 96//59 134//89
f 136//90 98//37 97//68 135//10
f 137//91 99//69 98//37 136//90
f 138//92 100//70 99//69 137//91
f 139//93 101//71 100//70 138//92
f 140//94 102//41 101//71 139//93
f 141//17 103//44 102//41 140//94
f 142//95 104//72 103//44 141//17
f 143//96 105//39 104//72 142//95
f 144//97 106//47 105//39 143//96
f 145//79 107//2 106//47 144//97
f 146//6 108//73 107//2 145//79
f 147//47 109//47 108//73 146//6
f 148//98 110//46 109//47 147//47
f 149//99 111//49 110//46 148//98
f 150//100 112//50 111//49 149//99
f 151//101 113//74 112//50 150//100
f 152//102 114//75 113//74 151//101
f 154//103 116//61 115//6 153//104
f 155//105 117//76 116//61 154//103
f 156//106 118//13 117//76 155//105
f 157//76 119//77 118//13 156//106
f 158//76 120//78 119//77 157//76
f 159//107 121//77 120//78 158//76
f 160//108 122//79 121//77 159//107
f 161//109 123//80 122//79 160//108
f 162//104 124//81 123//80 161//109
f 163//110 125//82 124//81 162//104
f 164//83 126//83 125//82 163//110
f 165//111 127//84 126//83 164//83
f 166//18 128//85 127//84 165//111
f 167//15 129//86 128//85 166//18
f 168//54 130//87 129//86 167//15
f 169//55 131//88 130//87 168//54
f 170//112 132//33 131//88 169//55
f 171//31 133//31 132//33 170//112
f 172//113 134//89 133//31 171//31
f 173//114 135//10 134//89 172//113
f 174//67 136//90 135//10 173//114
f 175//115 137//91 136//90 174//67
f 176//94 138//92 137//91 175//115
f 177//93 139//93 138//92 176//94
f 178//92 140//94 139//93 177//93
f 179//116 141//17 140//94 178//92
f 180//117 142//95 141//17 179//116
f 181//70 143//96 142//95 180//117
f 182//40 144//97 143//96 181//70
f 183//38 145//79 144//97 182//40
f 184//86 146//6 145//79 183//38
f 185//109 147//47 146//6 184//86
f 186//118 148//98 147//47 185//109
f 187//119 149//99 148//98 186//118
f 188//120 150//100 149//99 187//119
f 189//121 151//101 150//100 188//120
f 190//122 152//102 151//101 189//121
f 192//103 154//103 153//104 191//123
f 193//124 155//105 154//103 192//103
f 194//125 156//106 155//105 193//124
f 195//126 157//76 156//106 194//125
f 196//127 158//76 157//76 195//126
f 197//128 159//107 158//76 196//127
f 198//129 160//108 159//107 197//128
f 199//130 161//109 160//108 198//129
f 200//118 162//104 161//109 199//130
f 201//131 163//110 162//104 200//118
f 202//132 164//83 163//110 201//131
f 203//66 165//111 164//83 202//132
f 204//46 166//18 165//111 203//66
f 205//133 167//15 166//18 204//46
f 206//134 168//54 167//15 205//133
f 207//135 169//55 168//54 206//134
f 208//136 170//112 169//55 207//135
f 209//137 171//31 170//112 208//136
f 210//138 172//113 171//31 209//137
f 211//139 173//114 172//113 210//138
f 212//140 174//67 173//114 211//139
f 213//141 175//115 174//67 212//140
f 214//142 176//94 175//115 213//141
f 215//143 177//93 176//94 214//142
f 216//144 178//92 177//93 215//143
f 217//145 179//116 178//92 216//144
f 218//146 180//117 179//116 217//145
f 219//70 181//70 180//117 218//146
f 220//147 182//40 181//70 219//70
f 221//18 183//38 182//40 220//147
f 222//118 184//86 183//38 221//18
f 223//148 185//109 184//86 222//118
f 224//149 186//118 185//109 223//148
f 225//150 187//119 186//118 224//149
f 226//151 188//120 187//119 225//150
f 227//152 189//121 188//120 226//151
f 228//82 190//122 189//121 227//152
f 230//153 192//103 191//123 229//154
f 231//124 193//124 192//103 230//153
f 232//155 194//125 193//124 231//124
f 233//156 195//126 194//125 232//155
f 234//157 196//127 195//126 233//156
f 235//157 197//128 196//127 234//157
f 236//157 198//129 197//128 235//157
f 237//158 199//130 198//129 236//157
f 238//100 200//118 199//130 237//158
f 239//159 201//131 200//118 238//100
f 240//160 202//132 201//131 239//159
f 241//49 203//66 202//132 240//160
f 242//27 204//46 203//66 241//49
f 243//29 205//133 204//46 242//27
f 244//161 206//134 205//133 243//29
f 245//162 207//135 206//134 244//161
f 246//163 208//136 207//135 245//162
f 247//7 209//137 208//136 246//163
f 248//33 210//138 209//137 247//7
f 249//113 211//139 210//138 248//33
f 250//164 212//140 211//139 249//113
f 251//69 213//141 212//140 250//164
f 252//165 214//142 213//141 251//69
f 253//166 215//143 214//142 252//165
f 254//52 216//144 215//143 253//166
f 255//167 217//145 216//144 254//52
f 256//168 218//146 217//145 255//167
f 257//70 219//70 218//146 256//168
f 258//169 220//147 219//70 257//70
f 259//170 221//18 220//147 258//169
f 260//171 222//118 221//18 259//170
f 261//172 223//148 222//118 260//171
f 262//82 224//149 223//148 261//172
f 263//173 225//150 224//149 262//82
f 264//174 226//151 225//150 263//173
f 265//175 227//152 226//151 264//174
f 266//3 228//82 227//152 265//175
f 268//2 230//153 229//154 267//154
f 269//176 231//124 230//153 268//2
f 270//156 232//155 231//124 269//176
f 271//177 233//156 232//155 270//156
f 272//105 234//157 233//156 271//177
f 273//178 235//157 234//157 272//105
f 274//103 236//157 235//157 273//178
f 275//179 237//158 236//157 274//103
f 276//180 238//100 237//158 275//179
f 277//82 239//159 238//100 276//180
f 278//99 240//160 239//159 277//82
f 279//133 241//49 240//160 278//99
f 280//181 242//27 241//49 279//133
f 281//29 243//29 242//27 280//181
f 282//182 244//161 243//29 281//29
f 283//60 245//162 244//161 282//182
f 284//183 246//163 245//162 283//60
f 285//107 247//7 246//163 284//183
f 286//184 248//33 247//7 285//107
f 287//185 249//113 248//33 286//184
f 288//186 250//164 249//113 287//185
f 289//187 251//69 250//164 288//186
f 290//91 252//165 251//69 289//187
f 291//188 253//166 252//165 290//91
f 292//189 254//52 253//166 291//188
f 293//190 255//167 254//52 292//189
f 294//191 256//168 255//167 293//190
f 295//192 257//70 256//168 294//191
f 296//193 258//169 257//70 295//192
f 297//194 259//170 258//169 296//193
f 298//195 260//171 259//170 297//194
f 299//196 261//172 260//171 298//195
f 300//100 262//82 261//172 299//196
f 301//197 263//173 262//82 300//100
f 302//19 264//174 263//173 301//197
f 303//198 265//175 264//174 302//19
f 304//4 266//3 265//175 303//198
f 306//73 268//2 267//154 305//2
f 307//61 269//176 268//2 306//73
f 308//199 270//156 269//176 307//61
f 309//176 271//177 270//156 308//199
f 310//124 272//105 271//177 309//176
f 311//200 273//178 272//105 310//124
f 312//123 274//103 273//178 311//200
f 313//123 275//179 274//103 312//123
f 314//201 276//180 275//179 313//123
f 315//108 277//82 276//180 314//201
f 316//87 278//99 277//82 315//108
f 317//202 279//133 278//99 316//87
f 318//59 280//181 279//133 317//202
f 319//5 281//29 280//181 318//59
f 320//97 282//182 281//29 319//5
f 321//86 283//60 282//182 320//97
f 322//203 284//183 283//60 321//86
f 323//204 285//107 284//183 322//203
f 324//204 286//184 285//107 323//204
f 325//60 287//185 286//184 324//204
f 326//60 288//186 287//185 325//60
f 327//86 289//187 288//186 326//60
f 328//96 290//91 289//187 327//86
f 329//93 291//188 290//91 328//96
f 330//205 292//189 291//188 329//93
f 331//191 293//190 292//189 330//205
f 332//72 294//191 293//190 331//191
f 333//94 295//192 294//191 332//72
f 334//206 296//193 295//192 333//94
f 335//197 297//194 296//193 334//206
f 336//207 298//195 297//194 335//197
f 337//208 299//196 298//195 336//207
f 338//209 300//100 299//196 337//208
f 339//26 301//197 300//100 338//209
f 340//209 302//19 301//197 339//26
f 341//39 303//198 302//19 340//209
f 342//210 304//4 303//198 341//39
f 344//1 306//73 305//2 343//15
f 345//60 307//61 306//73 344//1
f 346//54 308//199 307//61 345//60
f 347//203 309//176 308//199 346//54
f 348//178 310//124 309//176 347//203
f 349//200 311//200 310//124 348//178
f 350//153 312//123 311//200 349//200
f 351//4 313//123 312//123 350//153
f 352//5 314//201 313//123 351//4
f 353//55 315//108 314//201 352//5
f 354//55 316//87 315//108 353//55
f 355//211 317//202 316//87 354//55
f 356//108 318//59 317//202 355//211
f 357//199 319//5 318//59 356//108
f 358//1 320//97 319//5 357//199
f 359//140 321//86 320//97 358//1
f 360//59 322//203 321//86 359//140
f 361//212 323//204 322//203 360//59
f 362//139 324//204 323//204 361//212
f 363//7 325//60 324//204 362//139
f 364//134 326//60 325//60 363//7
f 365//86 327//86 326//60 364//134
f 366//115 328//96 327//86 365//86
f 367//41 329//93 328//96 366//115
f 368//213 330//205 329//93 367//41
f 369//213 331//191 330//205 368//213
f 370//214 332//72 331//191 369//213
f 371//17 333//94 332//72 370//214
f 372//215 334//206 333//94 371//17
f 373//216 335//197 334//206 372//215
f 374//217 336//207 335//197 373//216
f 375//218 337//208 336//207 374//217
f 376//219 338//209 337//208 375//218
f 377//220 339//26 338//209 376//219
f 378//66 340//209 339//26 377//220
f 379//15 341//39 340//209 378//66
f 380//221 342//210 341//39 379//15
f 382//15 344//1 343//15 381//15
f 383//60 345//60 344//1 382//15
f 384//222 346//54 345//60 383//60
f 385//73 347//203 346//54 384//222
f 386//73 348//178 347//203 385//73
f 387//77 349//200 348//178 386//73
f 388//60 350//153 349//200 387//77
f 389//4 351//4 350//153 388//60
f 390//61 352//5 351//4 389//4
f 391//76 353//55 352//5 390//61
f 392//203 354//55 353//55 391//76
f 393//55 355//211 354//55 392//203
f 394//223 356//108 355//211 393//55
f 395//224 357//199 356//108 394//223
f 396//225 358//1 357//199 395//224
f 397//226 359//140 358//1 396//225
f 398//227 360//59 359//140 397//226
f 399//228 361//212 360//59 398//227
f 400//59 362//139 361//212 399//228
f 401//7 363//7 362//139 400//59
f 402//54 364//134 363//7 401//7
f 403//229 365//86 364//134 402//54
f 404//115 366//115 365//86 403//229
f 405//45 367//41 366//115 404//115
f 406//230 368//213 367//41 405//45
f 407//45 369//213 368//213 406//230
f 408//215 370//214 369//213 407//45
f 409//85 371//17 370//214 408//215
f 410//231 372//215 371//17 409//85
f 411//232 373//216 372//215 410//231
f 412//233 374//217 373//216 411//232
f 413//71 375//218 374//217 412//233
f 414//234 376//219 375//218 413//71
f 415//235 377//220 376//219 414//234
f 416//71 378//66 377//220 415//235
f 417//1 379//15 378//66 416//71
f 418//11 380//221 379//15 417//1
f 420//1 382//15 381//15 419//78
f 421//108 383//60 382//15 420//1
f 422//81 384//222 383//60 421//108
f 423//236 385//73 384//222 422//81
f 424//61 386//73 385//73 423//236
f 425//76 387//77 386//73 424//61
f 426//153 388//60 387//77 425//76
f 427//2 389//4 388//60 426//153
f 428//203 390//61 389//4 427//2
f 429//221 391//76 390//61 428//203
f 430//237 392//203 391//76 429//221
f 431//181 393//55 392//203 430//237
f 432//238 394//223 393//55 431//181
f 433//239 395//224 394//223 432//238
f 434//240 396//225 395//224 433//239
f 435//241 397//226 396//225 434//240
f 436//162 398//227 397//226 435//241
f 437//237 399//228 398//227 436//162
f 438//54 400//59 399//228 437//237
f 439//5 401//7 400//59 438//54
f 440//5 402//54 401//7 439//5
f 441//229 403//229 402//54 440//5
f 442//242 404//115 403//229 441//229
f 443//243 405//45 404//115 442//242
f 444//243 406//230 405//45 443//243
f 445//244 407//45 406//230 444//243
f 446//215 408//215 407//45 445//244
f 447//245 409//85 408//215 446//215
f 448//41 410//231 409//85 447//245
f 449//42 411//232 410//231 448//41
f 450//72 412//233 411//232 449//42
f 451//246 413//71 412//233 450//72
f 452//247 414//234 413//71 451//246
f 453//248 415//235 414//234 452//247
f 454//94 416//71 415//235 453//248
f 455//79 417//1 416//71 454//94
f 456//78 418//11 417//1 455//79
f 458//199 420//1 419//78 457//106
f 459//98 421//108 420//1 458//199
f 460//73 422//81 421//108 459//98
f 461//9 423//236 422//81 460//73
f 462//199 424//61 423//236 461//9
f 463//129 425//76 424//61 462//199
f 464//129 426//153 425//76 463//129
f 465//249 427//2 426//153 464//129
f 466//237 428//203 427//2 465//249
f 467//59 429//221 428//203 466//237
f 468//12 430//237 429//221 467//59
f 469//12 431//181 430//237 468//12
f 470//55 432//238 431//181 469//12
f 471//27 433//239 432//238 470//55
f 472//36 434//240 433//239 471//27
f 473//182 435//241 434//240 472//36
f 474//59 436//162 435//241 473//182
f 475//221 437//237 436//162 474//59
f 476//7 438//54 437//237 475//221
f 477//133 439//5 438//54 476//7
f 478//1 440//5 439//5 477//133
f 479//4 441//229 440//5 478//1
f 480//244 442//242 441//229 479//4
f 481//213 443//243 442//242 480//244
f 482//233 444//243 443//243 481//213
f 483//52 445//244 444//243 482//233
f 484//189 446//215 445//244 483//52
f 485//250 447//245 446//215 484//189
f 486//117 448//41 447//245 485//250
f 487//190 449//42 448//41 486//117
f 488//116 450//72 449//42 487//190
f 489//143 451//246 450//72 488//116
f 490//251 452//247 451//246 489//143
f 491//252 453//248 452//247 490//251
f 492//253 454//94 453//248 491//252
f 493//79 455//79 454//94 492//253
f 494//15 456//78 455//79 493//79
f 496//9 458//199 457//106 495//254
f 497//108 459//98 458//199 496//9
f 498//108 460//73 459//98 497//108
f 499//236 461//9 460//73 498//108
f 500//129 462//199 461//9 499//236
f 501//104 463//129 462//199 500//129
f 502//200 464//129 463//129 501//104
f 503//255 465//249 464//129 502//200
f 504//256 466//237 465//249 503//255
f 505//126 467//59 466//237 504//256
f 506//257 468//12 467//59 505//126
f 507//254 469//12 468//12 506//257
f 508//78 470//55 469//12 507//254
f 509//5 471//27 470//55 508//78
f 510//86 472//36 471//27 509//5
f 511//16 473//182 472//36 510//86
f 512//55 474//59 473//182 511//16
f 513//258 475//221 474//59 512//55
f 514//5 476//7 475//221 513//258
f 515//15 477//133 476//7 514//5
f 516//15 478//1 477//133 515//15
f 517//229 479//4 478//1 516//15
f 518//41 480//244 479//4 517//229
f 519//233 481//213 480//244 518//41
f 520//142 482//233 481//213 519//233
f 521//143 483//52 482//233 520//142
f 522//259 484//189 483//52 521//143
f 523//146 485//250 484//189 522//259
f 524//260 486//117 485//250 523//146
f 525//190 487//190 486//117 524//260
f 526//95 488//116 487//190 525//190
f 527//41 489//143 488//116 526//95
f 528//261 490//251 489//143 527//41
f 529//262 491//252 490//251 528//261
f 530//46 492//253 491//252 529//262
f 531//15 493//79 492//253 530//46
f 532//49 494//15 493//79 531//15
f 534//6 496//9 495//254 533//203
f 535//263 497//108 496//9 534//6
f 536//3 498//108 497//108 535//263
f 537//264 499//236 498//108 536//3
f 538//236 500//129 499//236 537//264
f 539//264 501//104 500//129 538//236
f 540//104 502//200 501//104 539//264
f 541//265 503//255 502//200 540//104
f 542//266 504//256 503//255 541//265
f 543//267 505//126 504//256 542//266
f 544//268 506//257 505//126 543//267
f 545//269 507//254 506//257 544//268
f 546//270 508//78 507//254 545//269
f 547//271 509//5 508//78 546//270
f 548//200 510//86 509//5 547//271
f 549//80 511//16 510//86 548//200
f 550//6 512//55 511//16 549//80
f 551//272 513//258 512//55 550//6
f 552//6 514//5 513//258 551//272
f 553//5 515//15 514//5 552//6
f 554//88 516//15 515//15 553//5
f 555//187 517//229 516//15 554//88
f 556//93 518//41 517//229 555//187
f 557//192 519//233 518//41 556//93
f 558//70 520//142 519//233 557//192
f 559//52 521//143 520//142 558//70
f 560//117 522//259 521//143 559//52
f 561//273 523//146 522//259 560//117
f 562//42 524//260 523//146 561//273
f 563//190 525//190 524//260 562//42
f 564//191 526//95 525//190 563//190
f 565//274 527//41 526//95 564//191
f 566//275 528//261 527//41 565//274
f 567//276 529//262 528//261 566//275
f 568//277 530//46 529//262 567//276
f 569//79 531//15 530//46 568//277
f 570//18 532//49 531//15 569//79
f 572//153 534//6 533//203 571//236
f 573//108 535//263 534//6 572//153
f 574//4 536//3 535//263 573//108
f 575//47 537//264 536//3 574//4
f 576//6 538//236 537//264 575//47
f 577//1 539//264 538//236 576//6
f 578//67 540//104 539//264 577//1
f 579//134 541//265 540//104 578//67
f 580//76 542//266 541//265 579//134
f 581//127 543//267 542//266 580//76
f 582//278 544//268 543//267 581//127
f 583//279 545//269 544//268 582//278
f 584//268 546//270 545//269 583//279
f 585//280 547//271 546//270 584//268
f 586//281 548//200 547//271 585//280
f 587//282 549//80 548//200 586//281
f 588//283 550//6 549//80 587//282
f 589//126 551//272 550//6 588//283
f 590//104 552//6 551//272 589//126
f 591//284 553//5 552//6 590//104
f 592//285 554//88 553//5 591//284
f 593//286 555//187 554//88 592//285
f 594//242 556//93 555//187 593//286
f 595//96 557//192 556//93 594//242
f 596//96 558//70 557//192 595//96
f 597//192 559//52 558//70 596//96
f 598//287 560//117 559//52 597//192
f 599//288 561//273 560//117 598//287
f 600//289 562//42 561//273 599//288
f 601//188 563//190 562//42 600//289
f 602//290 564//191 563//190 601//188
f 603//291 565//274 564//191 602//290
f 604//292 566//275 565//274 603//291
f 605//293 567//276 566//275 604//292
f 606//51 568//277 567//276 605//293
f 607//98 569//79 568//277 606//51
f 608//154 570//18 569//79 607//98
f 610//6 572//153 571//236 609//294
f 611//1 573//108 572//153 610//6
f 612//86 574//4 573//108 611//1
f 613//229 575//47 574//4 612//86
f 614//6 576//6 575//47 613//229
f 615//60 577//1 576//6 614//6
f 616//5 578//67 577//1 615//60
f 617//211 579//134 578//67 616//5
f 618//7 580//76 579//134 617//211
f 619//7 581//127 580//76 618//7
f 620//15 582//278 581//127 619//7
f 621//295 583//279 582//278 620//15
f 622//296 584//268 583//279 621//295
f 623//297 585//280 584//268 622//296
f 624//298 586//281 585//280 623//297
f 625//299 587//282 586//281 624//298
f 626//300 588//283 587//282 625//299
f 627//301 589//126 588//283 626//300
f 628//302 590//104 589//126 627//301
f 629//303 591//284 590//104 628//302
f 630//304 592//285 591//284 629//303
f 631//305 593//286 592//285 630//304
f 632//306 594//242 593//286 631//305
f 633//49 595//96 594//242 632//306
f 634//147 596//96 595//96 633//49
f 635//70 597//192 596//96 634//147
f 636//52 598//287 597//192 635//70
f 637//307 599//288 598//287 636//52
f 638//308 600//289 599//288 637//307
f 639//309 601//188 600//289 638//308
f 640//310 602//290 601//188 639//309
f 641//311 603//291 602//290 640//310
f 642//312 604//292 603//291 641//311
f 643//243 605//293 604//292 642//312
f 644//41 606//51 605//293 643//243
f 645//39 607//98 606//51 644//41
f 646//49 608//154 607//98 645//39
f 648//2 610//6 609//294 647//4
f 649//199 611//1 610//6 648//2
f 650//73 612//86 611//1 649//199
f 651//48 613//229 612//86 650//73
f 652//73 614//6 613//229 651//48
f 653//9 615//60 614//6 652//73
f 654//61 616//5 615//60 653//9
f 655//313 617//211 616//5 654//61
f 656//185 618//7 617//211 655//313
f 657//90 619//7 618//7 656//185
f 658//36 620//15 619//7 657//90
f 659//314 621//295 620//15 658//36
f 660//6 622//296 621//295 659//314
f 661//2 623//297 622//296 660//6
f 662//315 624//298 623//297 661//2
f 663//127 625//299 624//298 662//315
f 664//316 626//300 625//299 663//127
f 665//317 627//301 626//300 664//316
f 666//318 628//302 627//301 665//317
f 667//129 629//303 628//302 666//318
f 668//183 630//304 629//303 667//129
f 669//315 631//305 630//304 668//183
f 670//126 632//306 631//305 669//315
f 671//153 633//49 632//306 670//126
f 672//46 634//147 633//49 671//153
f 673//115 635//70 634//147 672//46
f 674//51 636//52 635//70 673//115
f 675//319 637//307 636//52 674//51
f 676//213 638//308 637//307 675//319
f 677//319 639//309 638//308 676//213
f 678//320 640//310 639//309 677//319
f 679//321 641//311 640//310 678//320
f 680//322 642//312 641//311 679//321
f 681//323 643//243 642//312 680//322
f 682//48 644//41 643//243 681//323
f 683//39 645//39 644//41 682//48
f 684//96 646//49 645//39 683//39
f 686//263 648//2 647//4 685//324
f 687//9 649//199 648//2 686//263
f 688//80 650//73 649//199 687//9
f 689//79 651//48 650//73 688//80
f 690//67 652//73 651//48 689//79
f 691//5 653//9 652//73 690//67
f 692//77 654//61 653//9 691//5
f 693//14 655//313 654//61 692//77
f 694//325 656//185 655//313 693//14
f 695//185 657//90 656//185 694//325
f 696//326 658//36 657//90 695//185
f 697//327 659//314 658//36 696//326
f 698//38 660//6 659//314 697//327
f 699//67 661//2 660//6 698//38
f 700//203 662//315 661//2 699//67
f 701//272 663//127 662//315 700//203
f 702//1 664//316 663//127 701//272
f 703//6 665//317 664//316 702//1
f 704//183 666//318 665//317 703//6
f 705//178 667//129 666//318 704//183
f 706//328 668//183 667//129 705//178
f 707//329 669//315 668//183 706//328
f 708//183 670//126 669//315 707//329
f 709//330 671//153 670//126 708//183
f 710//3 672//46 671//153 709//330
f 711//99 673//115 672//46 710//3
f 712//160 674//51 673//115 711//99
f 713//331 675//319 674//51 712//160
f 714//332 676//213 675//319 713//331
f 715//333 677//319 676//213 714//332
f 716//334 678//320 677//319 715//333
f 717//335 679//321 678//320 716//334
f 718//336 680//322 679//321 717//335
f 719//337 681//323 680//322 718//336
f 720//108 682//48 681//323 719//337
f 721//48 683//39 682//48 720//108
f 722//18 684//96 683//39 721//48
f 724//47 686//263 685//324 723//18
f 725//61 687//9 686//263 724//47
f 726//80 688//80 687//9 725//61
f 727//272 689//79 688//80 726//80
f 728//133 690//67 689//79 727//272
f 729//229 691//5 690//67 728//133
f 730//9 692//77 691//5 729//229
f 731//257 693//14 692//77 730//9
f 732//338 694//325 693//14 731//257
f 733//184 695//185 694//325 732//338
f 734//67 696//326 695//185 733//184
f 735//193 697//327 696//326 734//67
f 736//339 698//38 697//327 735//193
f 737//90 699//67 698//38 736//339
f 738//340 700//203 699//67 737//90
f 739//90 701//272 700//203 738//340
f 740//88 702//1 701//272 739//90
f 741//16 703//6 702//1 740//88
f 742//5 704//183 703//6 741//16
f 743//61 705//178 704//183 742//5
f 744//176 706//328 705//178 743//61
f 745//341 707//329 706//328 744//176
f 746//178 708//183 707//329 745//341
f 747//81 709//330 708//183 746//178
f 748//286 710//3 709//330 747//81
f 749//130 711//99 710//3 748//286
f 750//18 712//160 711//99 749//130
f 751//233 713//331 712//160 750//18
f 752//342 714//332 713//331 751//233
f 753//343 715//333 714//332 752//342
f 754//24 716//334 715//333 753//343
f 755//344 717//335 716//334 754//24
f 756//345 718//336 717//335 755//344
f 757//346 719//337 718//336 756//345
f 758//5 720//108 719//337 757//346
f 759//38 721//48 720//108 758//5
f 760//91 722//18 721//48 759//38
f 762//73 724//47 723//18 761//154
f 763//6 725//61 724//47 762//73
f 764//73 726//80 725//61 763//6
f 765//183 727//272 726//80 764//73
f 766//199 728//133 727//272 765//183
f 767//79 729//229 728//133 766//199
f 768//7 730//9 729//229 767//79
f 769//13 731//257 730//9 768//7
f 770//106 732//338 731//257 769//13
f 771//347 733//184 732//338 770//106
f 772//236 734//67 733//184 771//347
f 773//79 735//193 734//67 772//236
f 774//210 736//339 735//193 773//79
f 775//33 737//90 736//339 774//210
f 776//186 738//340 737//90 775//33
f 777//210 739//90 738//340 776//186
f 778//314 740//88 739//90 777//210
f 779//140 741//16 740//88 778//314
f 780//86 742//5 741//16 779//140
f 781//5 743//61 742//5 780//86
f 782//203 744//176 743//61 781//5
f 783//78 745//341 744//176 782//203
f 784//236 746//178 745//341 783//78
f 785//129 747//81 746//178 784//236
f 786//306 748//286 747//81 785//129
f 787//3 749//130 748//286 786//306
f 788//109 750//18 749//130 787//3
f 789//348 751//233 750//18 788//109
f 790//349 752//342 751//233 789//348
f 791//350 753//343 752//342 790//349
f 792//351 754//24 753//343 791//350
f 793//352 755//344 754//24 792//351
f 794//151 756//345 755//344 793//352
f 795//353 757//346 756//345 794//151
f 796//9 758//5 757//346 795//353
f 797//203 759//38 758//5 796//9
f 798//354 760//91 759//38 797//203
f 800//80 762//73 761//154 799//2
f 801//80 763//6 762//73 800//80
f 802//73 764//73 763//6 801//80
f 803//61 765//183 764//73 802//73
f 804//9 766//199 765//183 803//61
f 805//272 767//79 766//199 804//9
f 806//54 768//7 767//79 805//272
f 807//5 769//13 768//7 806//54
f 808//355 770//106 769//13 807//5
f 809//105 771//347 770//106 808//355
f 810//157 772//236 771//347 809//105
f 811//127 773//79 772//236 810//157
f 812//9 774//210 773//79 811//127
f 813//73 775//33 774//210 812//9
f 814//153 776//186 775//33 813//73
f 815//153 777//210 776//186 814//153
f 816//73 778//314 777//210 815//153
f 817//79 779//140 778//314 816//73
f 818//229 780//86 779//140 817//79
f 819//5 781//5 780//86 818//229
f 820//258 782//203 781//5 819//5
f 821//54 783//78 782//203 820//258
f 822//79 784//236 783//78 821//54
f 823//73 785//129 784//236 822//79
f 824//80 786//306 785//129 823//73
f 825//109 787//3 786//306 824//80
f 826//263 788//109 787//3 825//109
f 827//356 789//348 788//109 826//263
f 828//357 790//349 789//348 827//356
f 829//358 791//350 790//349 828//357
f 830//359 792//351 791//350 829//358
f 831//360 793//352 792//351 830//359
f 832//361 794//151 793//352 831//360
f 833//159 795//353 794//151 832//361
f 834//362 796//9 795//353 833//159
f 835//363 797//203 796//9 834//362
f 836//221 798//354 797//203 835//363
f 838//264 800//80 799//2 837//2
f 839//129 801//80 800//80 838//264
f 840//178 802//73 801//80 839//129
f 841//80 803//61 802//73 840//178
f 842//199 804//9 803//61 841//80
f 843//364 805//272 804//9 842//199
f 844//127 806//54 805//272 843//364
f 845//365 807//5 806//54 844//127
f 846//60 808//355 807//5 845//365
f 847//272 809//105 808//355 846//60
f 848//199 810//157 809//105 847//272
f 849//176 811//127 810//157 848//199
f 850//176 812//9 811//127 849//176
f 851//264 813//73 812//9 850//176
f 852//264 814//153 813//73 851//264
f 853//236 815//153 814//153 852//264
f 854//9 816//73 815//153 853//236
f 855//5 817//79 816//73 854//9
f 856//140 818//229 817//79 855//5
f 857//7 819//5 818//229 856//140
f 858//258 820//258 819//5 857//7
f 859//1 821//54 820//258 858//258
f 860//4 822//79 821//54 859//1
f 861//108 823//73 822//79 860//4
f 862//153 824//80 823//73 861//108
f 863//366 825//109 824//80 862//153
f 864//367 826//263 825//109 863//366
f 865//368 827//356 826//263 864//367
f 866//369 828//357 827//356 865//368
f 867//370 829//358 828//357 866//369
f 868//371 830//359 829//358 867//370
f 869//372 831//360 830//359 868//371
f 870//293 832//361 831//360 869//372
f 871//66 833//159 832//361 870//293
f 872//373 834//362 833//159 871//66
f 873//374 835//363 834//362 872//373
f 874//90 836//221 835//363 873//374
f 876//3 838//264 837//2 875//3
f 877//236 839//129 838//264 876//3
f 878//176 840//178 839//129 877//236
f 879//236 841//80 840//178 878//176
f 880//306 842//199 841//80 879//236
f 881//375 843//364 842//199 880//306
f 882//376 844//127 843//364 881//375
f 883//377 845//365 844//127 882//376
f 884//76 846//60 845//365 883//377
f 885//60 847//272 846//60 884//76
f 886//59 848//199 847//272 885//60
f 887//113 849//176 848//199 886//59
f 888//5 850//176 849//176 887//113
f 889//2 851//264 850//176 888//5
f 890//73 852//264 851//264 889//2
f 891//6 853//236 852//264 890//73
f 892//78 854//9 853//236 891//6
f 893//272 855//5 854//9 892//78
f 894//79 856//140 855//5 893//272
f 895//5 857//7 856//140 894//79
f 896//60 858//258 857//7 895//5
f 897//47 859//1 858//258 896//60
f 898//4 860//4 859//1 897//47
f 899//4 861//108 860//4 898//4
f 900//109 862//153 861//108 899//4
f 901//149 863//366 862//153 900//109
f 902//378 864//367 863//366 901//149
f 903//379 865//368 864//367 902//378
f 904//380 866//369 865//368 903//379
f 905//381 867//370 866//369 904//380
f 906//382 868//371 867//370 905//381
f 907//383 869//372 868//371 906//382
f 908//384 870//293 869//372 907//383
f 909//50 871//66 870//293 908//384
f 910//385 872//373 871//66 909//50
f 911//386 873//374 872//373 910//385
f 912//7 874//90 873//374 911//386
f 914//3 876//3 875//3 913//3
f 915//236 877//236 876//3 914//3
f 916//176 878//176 877//236 915//236
f 917//236 879//236 878//176 916//176
f 918//286 880//306 879//236 917//236
f 919//158 881//375 880//306 918//286
f 920//387 882//376 881//375 919//158
f 921//388 883//377 882//376 920//387
f 922//389 884//76 883//377 921//388
f 923//183 885//60 884//76 922//389
f 924//390 886//59 885//60 923//183
f 925//61 887//113 886//59 924//390
f 926//130 888//5 887//113 925//61
f 927//264 889//2 888//5 926//130
f 928//236 890//73 889//2 927//264
f 929//199 891//6 890//73 928//236
f 930//107 892//78 891//6 929//199
f 931//199 893//272 892//78 930//107
f 932//153 894//79 893//272 931//199
f 933//80 895//5 894//79 932//153
f 934//153 896//60 895//5 933//80
f 935//153 897//47 896//60 934//153
f 936//108 898//4 897//47 935//153
f 937//79 899//4 898//4 936//108
f 938//97 900//109 899//4 937//79
f 939//391 901//149 900//109 938//97
f 940//392 902//378 901//149 939//391
f 941//393 903//379 902//378 940//392
f 942//394 904//380 903//379 941//393
f 943//395 905//381 904//380 942//394
f 944//396 906//382 905//381 943//395
f 945//397 907//383 906//382 944//396
f 946//398 908//384 907//383 945//397
f 947//164 909//50 908//384 946//398
f 948//399 910//385 909//50 947//164
f 949//400 911//386 910//385 948//399
f 950//401 912//7 911//386 949//400
f 952//3 914//3 913//3 951//3
f 953//236 915//236 914//3 952//3
f 954//176 916//176 915//236 953//236
f 955//236 917//236 916//176 954//176
f 956//3 918//286 917//236 955//236
f 957//3 919//158 918//286 956//3
f 958//103 920//387 919//158 957//3
f 959//402 921//388 920//387 958//103
f 960//403 922//389 921//388 959//402
f 961//404 923//183 922//389 960//403
f 962//405 924//390 923//183 961//404
f 963//406 925//61 924//390 962//405
f 964//407 926//130 925//61 963//406
f 965//408 927//264 926//130 964//407
f 966//409 928//236 927//264 965//408
f 967//376 929//199 928//236 966//409
f 968//410 930//107 929//199 967//376
f 969//200 931//199 930//107 968//410
f 970//129 932//153 931//199 969//200
f 971//129 933//80 932//153 970//129
f 972//104 934//153 933//80 971//129
f 973//103 935//153 934//153 972//104
f 974//411 936//108 935//153 973//103
f 975//179 937//79 936//108 974//411
f 976//412 938//97 937//79 975//179
f 977//413 939//391 938//97 976//412
f 978//414 940//392 939//391 977//413
f 979//415 941//393 940//392 978//414
f 980//416 942//394 941//393 979//415
f 981//111 943//395 942//394 980//416
f 982//417 944//396 943//395 981//111
f 983//418 945//397 944//396 982//417
f 984//419 946//398 945//397 983//418
f 985//89 947//164 946//398 984//419
f 986//420 948//399 947//164 985//89
f 987//421 949//400 948//399 986//420
f 988//422 950//401 949//400 987//421
f 990//46 952//3 951//3 989//49
f 991//60 953//236 952//3 990//46
f 992//77 954//176 953//236 991//60
f 993//2 955//236 954//176 992//77
f 994//3 956//3 955//236 993//2
f 995//3 957//3 956//3 994//3
f 996//3 958//103 957//3 995//3
f 997//423 959//402 958//103 996//3
f 998//424 960//403 959//402 997//423
f 999//279 961//404 960//403 998//424
f 1000//425 962//405 961//404 999//279
f 1001//426 963//406 962//405 1000//425
f 1002//427 964//407 963//406 1001//426
f 1003//428 965//408 964//407 1002//427
f 1004//429 966//409 965//408 1003//428
f 1005//430 967//376 966//409 1004//429
f 1006//430 968//410 967//376 1005//430
f 1007//431 969//200 968//410 1006//430
f 1008//318 970//129 969//200 1007//431
f 1009//284 971//129 970//129 1008//318
f 1010//432 972//104 971//129 1009//284
f 1011//411 973//103 972//104 1010//432
f 1012//433 974//411 973//103 1011//411
f 1013//434 975//179 974//411 1012//433
f 1014//435 976//412 975//179 1013//434
f 1015//436 977//413 976//412 1014//435
f 1016//437 978//414 977//413 1015//436
f 1017//438 979//415 978//414 1016//437
f 1018//439 980//416 979//415 1017//438
f 1019//312 981//111 980//416 1018//439
f 1020//440 982//417 981//111 1019//312
f 1021//39 983//418 982//417 1020//440
f 1022//55 984//419 983//418 1021//39
f 1023//212 985//89 984//419 1022//55
f 1024//441 986//420 985//89 1023//212
f 1025//258 987//421 986//420 1024//441
f 1026//203 988//422 987//421 1025//258
f 1028//97 990//46 989//49 1027//49
f 1029//54 991//60 990//46 1028//97
f 1030//294 992//77 991//60 1029//54
f 1031//130 993//2 992//77 1030//294
f 1032//3 994//3 993//2 1031//130
f 1033//3 995//3 994//3 1032//3
f 1034//3 996//3 995//3 1033//3
f 1035//153 997//423 996//3 1034//3
f 1036//328 998//424 997//423 1035//153
f 1037//124 999//279 998//424 1036//328
f 1038//364 1000//425 999//279 1037//124
f 1039//306 1001//426 1000//425 1038//364
f 1040//200 1002//427 1001//426 1039//306
f 1041//375 1003//428 1002//427 1040//200
f 1042//375 1004//429 1003//428 1041//375
f 1043//410 1005//430 1004//429 1042//375
f 1044//410 1006//430 1005//430 1043//410
f 1045//284 1007//431 1006//430 1044//410
f 1046//283 1008//318 1007//431 1045//284
f 1047//283 1009//284 1008//318 1046//283
f 1048//408 1010//432 1009//284 1047//283
f 1049//411 1011//411 1010//432 1048//408
f 1050//442 1012//433 1011//411 1049//411
f 1051//118 1013//434 1012//433 1050//442
f 1052//443 1014//435 1013//434 1051//118
f 1053//444 1015//436 1014//435 1052//443
f 1054//445 1016//437 1015//436 1053//444
f 1055//446 1017//438 1016//437 1054//445
f 1056//447 1018//439 1017//438 1055//446
f 1057//448 1019//312 1018//439 1056//447
f 1058//331 1020//440 1019//312 1057//448
f 1059//419 1021//39 1020//440 1058//331
f 1060//449 1022//55 1021//39 1059//419
f 1061//212 1023//212 1022//55 1060//449
f 1062//237 1024//441 1023//212 1061//212
f 1063//54 1025//258 1024//441 1062//237
f 1064//15 1026//203 1025//258 1063//54
f 1066//182 1028//97 1027//49 1065//354
f 1067//210 1029//54 1028//97 1066//182
f 1068//86 1030//294 1029//54 1067//210
f 1069//49 1031//130 1030//294 1068//86
f 1070//48 1032//3 1031//130 1069//49
f 1071//130 1033//3 1032//3 1070//48
f 1072//3 1034//3 1033//3 1071//130
f 1073//236 1035//153 1034//3 1072//3
f 1074//176 1036//328 1035//153 1073//236
f 1075//450 1037//124 1036//328 1074//176
f 1076//254 1038//364 1037//124 1075//450
f 1077//47 1039//306 1038//364 1076//254
f 1078//2 1040//200 1039//306 1077//47
f 1079//236 1041//375 1040//200 1078//2
f 1080//199 1042//375 1041//375 1079//236
f 1081//451 1043//410 1042//375 1080//199
f 1082//76 1044//410 1043//410 1081//451
f 1083//80 1045//284 1044//410 1082//76
f 1084//199 1046//283 1045//284 1083//80
f 1085//81 1047//283 1046//283 1084//199
f 1086//306 1048//408 1047//283 1085//81
f 1087//264 1049//411 1048//408 1086//306
f 1088//3 1050//442 1049//411 1087//264
f 1089//130 1051//118 1050//442 1088//3
f 1090//98 1052//443 1051//118 1089//130
f 1091//48 1053//444 1052//443 1090//98
f 1092//452 1054//445 1053//444 1091//48
f 1093//24 1055//446 1054//445 1092//452
f 1094//453 1056//447 1055//446 1093//24
f 1095//454 1057//448 1056//447 1094//453
f 1096//455 1058//331 1057//448 1095//454
f 1097//456 1059//419 1058//331 1096//455
f 1098//203 1060//449 1059//419 1097//456
f 1099//457 1061//212 1060//449 1098//203
f 1100//254 1062//237 1061//212 1099//457
f 1101//60 1063//54 1062//237 1100//254
f 1102//49 1064//15 1063//54 1101//60
f 1104//458 1066//182 1065//354 1103//459
f 1105//140 1067//210 1066//182 1104//458
f 1106//140 1068//86 1067//210 1105//140
f 1107//193 1069//49 1068//86 1106//140
f 1108//71 1070//48 1069//49 1107//193
f 1109//50 1071//130 1070//48 1108//71
f 1110//4 1072//3 1071//130 1109//50
f 1111//73 1073//236 1072//3 1110//4
f 1112//183 1074//176 1073//236 1111//73
f 1113//341 1075//450 1074//176 1112//183
f 1114//155 1076//254 1075//450 1113//341
f 1115//81 1077//47 1076//254 1114//155
f 1116//460 1078//2 1077//47 1115//81
f 1117//5 1079//236 1078//2 1116//460
f 1118//203 1080//199 1079//236 1117//5
f 1119//13 1081//451 1080//199 1118//203
f 1120//272 1082//76 1081//451 1119//13
f 1121//60 1083//80 1082//76 1120//272
f 1122//5 1084//199 1083//80 1121//60
f 1123//1 1085//81 1084//199 1122//5
f 1124//73 1086//306 1085//81 1123//1
f 1125//263 1087//264 1086//306 1124//73
f 1126//3 1088//3 1087//264 1125//263
f 1127//3 1089//130 1088//3 1126//3
f 1128//263 1090//98 1089//130 1127//3
f 1129//154 1091//48 1090//98 1128//263
f 1130//461 1092//452 1091//48 1129//154
f 1131//462 1093//24 1092//452 1130//461
f 1132//130 1094//453 1093//24 1131//462
f 1133//463 1095//454 1094//453 1132//130
f 1134//464 1096//455 1095//454 1133//463
f 1135//465 1097//456 1096//455 1134//464
f 1136//133 1098//203 1097//456 1135//465
f 1137//61 1099//457 1098//203 1136//133
f 1138//466 1100//254 1099//457 1137//61
f 1139//467 1101//60 1100//254 1138//466
f 1140//468 1102//49 1101//60 1139//467
f 1142//25 1104//458 1103//459 1141//45
f 1143//109 1105//140 1104//458 1142//25
f 1144//109 1106//140 1105//140 1143//109
f 1145//98 1107//193 1106//140 1144//109
f 1146//242 1108//71 1107//193 1145//98
f 1147//39 1109//50 1108//71 1146//242
f 1148//140 1110//4 1109//50 1147//39
f 1149//46 1111//73 1110//4 1148//140
f 1150//236 1112//183 1111//73 1149//46
f 1151//126 1113//341 1112//183 1150//236
f 1152//410 1114//155 1113//341 1151//126
f 1153//469 1115//81 1114//155 1152//410
f 1154//364 1116//460 1115//81 1153//469
f 1155//272 1117//5 1116//460 1154//364
f 1156//60 1118//203 1117//5 1155//272
f 1157//76 1119//13 1118//203 1156//60
f 1158//249 1120//272 1119//13 1157//76
f 1159//203 1121//60 1120//272 1158//249
f 1160//1 1122//5 1121//60 1159//203
f 1161//108 1123//1 1122//5 1160//1
f 1162//263 1124//73 1123//1 1161//108
f 1163//3 1125//263 1124//73 1162//263
f 1164//3 1126//3 1125//263 1163//3
f 1165//263 1127//3 1126//3 1164//3
f 1166//2 1128//263 1127//3 1165//263
f 1167//470 1129//154 1128//263 1166//2
f 1168//397 1130//461 1129//154 1167//470
f 1169//471 1131//462 1130//461 1168//397
f 1170//472 1132//130 1131//462 1169//471
f 1171//473 1133//463 1132//130 1170//472
f 1172//474 1134//464 1133//463 1171//473
f 1173//475 1135//465 1134//464 1172//474
f 1174//314 1136//133 1135//465 1173//475
f 1175//90 1137//61 1136//133 1174//314
f 1176//476 1138//466 1137//61 1175//90
f 1177//477 1139//467 1138//466 1176//476
f 1178//90 1140//468 1139//467 1177//477
f 1180//39 1142//25 1141//45 1179//214
f 1181//140 1143//109 1142//25 1180//39
f 1182//140 1144//109 1143//109 1181//140
f 1183//140 1145//98 1144//109 1182//140
f 1184//141 1146//242 1145//98 1183//140
f 1185//40 1147//39 1146//242 1184//141
f 1186//193 1148//140 1147//39 1185//40
f 1187//244 1149//46 1148//140 1186//193
f 1188//263 1150//236 1149//46 1187//244
f 1189//364 1151//126 1150//236 1188//263
f 1190//200 1152//410 1151//126 1189//364
f 1191//177 1153//469 1152//410 1190//200
f 1192//305 1154//364 1153//469 1191//177
f 1193//478 1155//272 1154//364 1192//305
f 1194//278 1156//60 1155//272 1193//478
f 1195//479 1157//76 1156//60 1194//278
f 1196//480 1158//249 1157//76 1195//479
f 1197//6 1159//203 1158//249 1196//480
f 1198//263 1160//1 1159//203 1197//6
f 1199//3 1161//108 1160//1 1198//263
f 1200//3 1162//263 1161//108 1199//3
f 1201//3 1163//3 1162//263 1200//3
f 1202//3 1164//3 1163//3 1201//3
f 1203//264 1165//263 1164//3 1202//3
f 1204//201 1166//2 1165//263 1203//264
f 1205//481 1167//470 1166//2 1204//201
f 1206//102 1168//397 1167//470 1205//481
f 1207//482 1169//471 1168//397 1206//102
f 1208//483 1170//472 1169//471 1207//482
f 1209//484 1171//473 1170//472 1208//483
f 1210//485 1172//474 1171//473 1209//484
f 1211//486 1173//475 1172//474 1210//485
f 1212//7 1174//314 1173//475 1211//486
f 1213//487 1175//90 1174//314 1212//7
f 1214//488 1176//476 1175//90 1213//487
f 1215//489 1177//477 1176//476 1214//488
f 1216//221 1178//90 1177//477 1215//489
f 1218//46 1180//39 1179//214 1217//18
f 1219//229 1181//140 1180//39 1218//46
f 1220//229 1182//140 1181//140 1219//229
f 1221//229 1183//140 1182//140 1220//229
f 1222//97 1184//141 1183//140 1221//229
f 1223//193 1185//40 1184//141 1222//97
f 1224//71 1186//193 1185//40 1223//193
f 1225//17 1187//244 1186//193 1224//71
f 1226//46 1188//263 1187//244 1225//17
f 1227//80 1189//364 1188//263 1226//46
f 1228//306 1190//200 1189//364 1227//80
f 1229//375 1191//177 1190//200 1228//306
f 1230//490 1192//305 1191//177 1229//375
f 1231//491 1193//478 1192//305 1230//490
f 1232//492 1194//278 1193//478 1231//491
f 1233//493 1195//479 1194//278 1232//492
f 1234//494 1196//480 1195//479 1233//493
f 1235//263 1197//6 1196//480 1234//494
f 1236//366 1198//263 1197//6 1235//263
f 1237//442 1199//3 1198//263 1236//366
f 1238//123 1200//3 1199//3 1237//442
f 1239//123 1201//3 1200//3 1238//123
f 1240//158 1202//3 1201//3 1239//123
f 1241//306 1203//264 1202//3 1240//158
f 1242//118 1204//201 1203//264 1241//306
f 1243//65 1205//481 1204//201 1242//118
f 1244//84 1206//102 1205//481 1243//65
f 1245//495 1207//482 1206//102 1244//84
f 1246//496 1208//483 1207//482 1245//495
f 1247//497 1209//484 1208//483 1246//496
f 1248//498 1210//485 1209//484 1247//497
f 1249//499 1211//486 1210//485 1248//498
f 1250//55 1212//7 1211//486 1249//499
f 1251//221 1213//487 1212//7 1250//55
f 1252//500 1214//488 1213//487 1251//221
f 1253//501 1215//489 1214//488 1252//500
f 1254//249 1216//221 1215//489 1253//501
f 1256//3 1218//46 1217//18 1255//3
f 1257//263 1219//229 1218//46 1256//3
f 1258//109 1220//229 1219//229 1257//263
f 1259//130 1221//229 1220//229 1258//109
f 1260//263 1222//97 1221//229 1259//130
f 1261//4 1223//193 1222//97 1260//263
f 1262//71 1224//71 1223//193 1261//4
f 1263//93 1225//17 1224//71 1262//71
f 1264//141 1226//46 1225//17 1263//93
f 1265//46 1227//80 1226//46 1264//141
f 1266//3 1228//306 1227//80 1265//46
f 1267//158 1229//375 1228//306 1266//3
f 1268//123 1230//490 1229//375 1267//158
f 1269//502 1231//491 1230//490 1268//123
f 1270//503 1232//492 1231//491 1269//502
f 1271//504 1233//493 1232//492 1270//503
f 1272//387 1234//494 1233//493 1271//504
f 1273//407 1235//263 1234//494 1272//387
f 1274//505 1236//366 1235//263 1273//407
f 1275//506 1237//442 1236//366 1274//505
f 1276//302 1238//123 1237//442 1275//506
f 1277//507 1239//123 1238//123 1276//302
f 1278//408 1240//158 1239//123 1277//507
f 1279//284 1241//306 1240//158 1278//408
f 1280//148 1242//118 1241//306 1279//284
f 1281//448 1243//65 1242//118 1280//148
f 1282//508 1244//84 1243//65 1281//448
f 1283//509 1245//495 1244//84 1282//508
f 1284//510 1246//496 1245//495 1283//509
f 1285//511 1247//497 1246//496 1284//510
f 1286//512 1248//498 1247//497 1285//511
f 1287//513 1249//499 1248//498 1286//512
f 1288//113 1250//55 1249//499 1287//513
f 1289//202 1251//221 1250//55 1288//113
f 1290//162 1252//500 1251//221 1289//202
f 1291//237 1253//501 1252//500 1290//162
f 1292//221 1254//249 1253//501 1291//237
f 1294//3 1256//3 1255//3 1293//3
f 1295//153 1257//263 1256//3 1294//3
f 1296//109 1258//109 1257//263 1295//153
f 1297//99 1259//130 1258//109 1296//109
f 1298//514 1260//263 1259//130 1297//99
f 1299//33 1261//4 1260//263 1298//514
f 1300//165 1262//71 1261//4 1299//33
f 1301//515 1263//93 1262//71 1300//165
f 1302//515 1264//141 1263//93 1301//515
f 1303//516 1265//46 1264//141 1302//515
f 1304//517 1266//3 1265//46 1303//516
f 1305//518 1267//158 1266//3 1304//517
f 1306//99 1268//123 1267//158 1305//518
f 1307//411 1269//502 1268//123 1306//99
f 1308//519 1270//503 1269//502 1307//411
f 1309//520 1271//504 1270//503 1308//519
f 1310//521 1272//387 1271//504 1309//520
f 1311//522 1273//407 1272//387 1310//521
f 1312//523 1274//505 1273//407 1311//522
f 1313//524 1275//506 1274//505 1312//523
f 1314//525 1276//302 1275//506 1313//524
f 1315//304 1277//507 1276//302 1314//525
f 1316//526 1278//408 1277//507 1315//304
f 1317//429 1279//284 1278//408 1316//526
f 1318//527 1280//148 1279//284 1317//429
f 1319//481 1281//448 1280//148 1318//527
f 1320//361 1282//508 1281//448 1319//481
f 1321//528 1283//509 1282//508 1320//361
f 1322//529 1284//510 1283//509 1321//528
f 1323//530 1285//511 1284//510 1322//529
f 1324//18 1286//512 1285//511 1323//530
f 1325//226 1287//513 1286//512 1324//18
f 1326//531 1288//113 1287//513 1325//226
f 1327//532 1289//202 1288//113 1326//531
f 1328//533 1290//162 1289//202 1327//532
f 1329//534 1291//237 1290//162 1328//533
f 1330//34 1292//221 1291//237 1329//534
f 1332//535 1294//3 1293//3 1331//536
f 1333//537 1295//153 1294//3 1332//535
f 1334//538 1296//109 1295//153 1333//537
f 1335//539 1297//99 1296//109 1334//538
f 1336//540 1298//514 1297//99 1335//539
f 1337//541 1299//33 1298//514 1336//540
f 1338//141 1300//165 1299//33 1337//541
f 1339//542 1301//515 1300//165 1338//141
f 1340//543 1302//515 1301//515 1339//542
f 1341//544 1303//516 1302//515 1340//543
f 1342//545 1304//517 1303//516 1341//544
f 1343//546 1305//518 1304//517 1342//545
f 1344//167 1306//99 1305//518 1343//546
f 1345//66 1307//411 1306//99 1344//167
f 1346//547 1308//519 1307//411 1345//66
f 1347//548 1309//520 1308//519 1346//547
f 1348//408 1310//521 1309//520 1347//548
f 1349//395 1311//522 1310//521 1348//408
f 1350//549 1312//523 1311//522 1349//395
f 1351//550 1313//524 1312//523 1350//549
f 1352//551 1314//525 1313//524 1351//550
f 1353//256 1315//304 1314//525 1352//551
f 1354//341 1316//526 1315//304 1353//256
f 1355//263 1317//429 1316//526 1354//341
f 1356//550 1318//527 1317//429 1355//263
f 1357//552 1319//481 1318//527 1356//550
f 1358//553 1320//361 1319//481 1357//552
f 1359//554 1321//528 1320//361 1358//553
f 1360//555 1322//529 1321//528 1359//554
f 1361//2 1323//530 1322//529 1360//555
f 1362//109 1324//18 1323//530 1361//2
f 1363//556 1325//226 1324//18 1362//109
f 1364//557 1326//531 1325//226 1363//556
f 1365//558 1327//532 1326//531 1364//557
f 1366//559 1328//533 1327//532 1365//558
f 1367//37 1329//534 1328//533 1366//559
f 1368//35 1330//34 1329//534 1367//37
f 1370//560 1332//535 1331//536 1369//561
f 1371//562 1333//537 1332//535 1370//560
f 1372//563 1334//538 1333//537 1371//562
f 1373//564 1335//539 1334//538 1372//563
f 1374//87 1336//540 1335//539 1373//564
f 1375//153 1337//541 1336//540 1374//87
f 1376//366 1338//141 1337//541 1375//153
f 1377//2 1339//542 1338//141 1376//366
f 1378//565 1340//543 1339//542 1377//2
f 1379//91 1341//544 1340//543 1378//565
f 1380//543 1342//545 1341//544 1379//91
f 1381//566 1343//546 1342//545 1380//543
f 1382//567 1344//167 1343//546 1381//566
f 1383//116 1345//66 1344//167 1382//567
f 1384//568 1346//547 1345//66 1383//116
f 1385//569 1347//548 1346//547 1384//568
f 1386//200 1348//408 1347//548 1385//569
f 1387//172 1349//395 1348//408 1386//200
f 1388//570 1350//549 1349//395 1387//172
f 1389//286 1351//550 1350//549 1388//570
f 1390//1 1352//551 1351//550 1389//286
f 1391//313 1353//256 1352//551 1390//1
f 1392//338 1354//341 1353//256 1391//313
f 1393//79 1355//263 1354//341 1392//338
f 1394//571 1356//550 1355//263 1393//79
f 1395//572 1357//552 1356//550 1394//571
f 1396//573 1358//553 1357//552 1395//572
f 1397//574 1359//554 1358//553 1396//573
f 1398//575 1360//555 1359//554 1397//574
f 1399//80 1361//2 1360//555 1398//575
f 1400//133 1362//109 1361//2 1399//80
f 1401//441 1363//556 1362//109 1400//133
f 1402//576 1364//557 1363//556 1401//441
f 1403//577 1365//558 1364//557 1402//576
f 1404//90 1366//559 1365//558 1403//577
f 1405//164 1367//37 1366//559 1404//90
f 1406//459 1368//35 1367//37 1405//164
f 1408//98 1370//560 1369//561 1407//154
f 1409//25 1371//562 1370//560 1408//98
f 1410//578 1372//563 1371//562 1409//25
f 1411//25 1373//564 1372//563 1410//578
f 1412//48 1374//87 1373//564 1411//25
f 1413//98 1375//153 1374//87 1412//48
f 1414//109 1376//366 1375//153 1413//98
f 1415//80 1377//2 1376//366 1414//109
f 1416//80 1378//565 1377//2 1415//80
f 1417//79 1379//91 1378//565 1416//80
f 1418//458 1380//543 1379//91 1417//79
f 1419//579 1381//566 1380//543 1418//458
f 1420//580 1382//567 1381//566 1419//579
f 1421//168 1383//116 1382//567 1420//580
f 1422//79 1384//568 1383//116 1421//168
f 1423//581 1385//569 1384//568 1422//79
f 1424//303 1386//200 1385//569 1423//581
f 1425//582 1387//172 1386//200 1424//303
f 1426//583 1388//570 1387//172 1425//582
f 1427//376 1389//286 1388//570 1426//583
f 1428//584 1390//1 1389//286 1427//376
f 1429//81 1391//313 1390//1 1428//584
f 1430//125 1392//338 1391//313 1429//81
f 1431//153 1393//79 1392//338 1430//125
f 1432//585 1394//571 1393//79 1431//153
f 1433//586 1395//572 1394//571 1432//585
f 1434//423 1396//573 1395//572 1433//586
f 1435//587 1397//574 1396//573 1434//423
f 1436//588 1398//575 1397//574 1435//587
f 1437//589 1399//80 1398//575 1436//588
f 1438//55 1400//133 1399//80 1437//589
f 1439//590 1401//441 1400//133 1438//55
f 1440//591 1402//576 1401//441 1439//590
f 1441//592 1403//577 1402//576 1440//591
f 1442//76 1404//90 1403//577 1441//592
f 1443//7 1405//164 1404//90 1442//76
f 1444//40 1406//459 1405//164 1443//7
f 1446//286 1408//98 1407//154 1445//104
f 1447//324 1409//25 1408//98 1446//286
f 1448//324 1410//578 1409//25 1447//324
f 1449//130 1411//25 1410//578 1448//324
f 1450//98 1412//48 1411//25 1449//130
f 1451//48 1413//98 1412//48 1450//98
f 1452//4 1414//109 1413//98 1451//48
f 1453//6 1415//80 1414//109 1452//4
f 1454//6 1416//80 1415//80 1453//6
f 1455//73 1417//79 1416//80 1454//6
f 1456//263 1418//458 1417//79 1455//73
f 1457//593 1419//579 1418//458 1456//263
f 1458//594 1420//580 1419//579 1457//593
f 1459//595 1421//168 1420//580 1458//594
f 1460//25 1422//79 1421//168 1459//595
f 1461//129 1423//581 1422//79 1460//25
f 1462//596 1424//303 1423//581 1461//129
f 1463//597 1425//582 1424//303 1462//596
f 1464//507 1426//583 1425//582 1463//597
f 1465//267 1427//376 1426//583 1464//507
f 1466//598 1428//584 1427//376 1465//267
f 1467//599 1429//81 1428//584 1466//598
f 1468//279 1430//125 1429//81 1467//599
f 1469//600 1431//153 1430//125 1468//279
f 1470//601 1432//585 1431//153 1469//600
f 1471//602 1433//586 1432//585 1470//601
f 1472//6 1434//423 1433//586 1471//602
f 1473//603 1435//587 1434//423 1472//6
f 1474//510 1436//588 1435//587 1473//603
f 1475//604 1437//589 1436//588 1474//510
f 1476//9 1438//55 1437//589 1475//604
f 1477//605 1439//590 1438//55 1476//9
f 1478//606 1440//591 1439//590 1477//605
f 1479//376 1441//592 1440//591 1478//606
f 1480//607 1442//76 1441//592 1479//376
f 1481//608 1443//7 1442//76 1480//607
f 1482//609 1444//40 1443//7 1481//608
f 1484//264 1446//286 1445//104 1483//236
f 1485//324 1447//324 1446//286 1484//264
f 1486//324 1448//324 1447//324 1485//324
f 1487//3 1449//130 1448//324 1486//324
f 1488//3 1450//98 1449//130 1487//3
f 1489//130 1451//48 1450//98 1488//3
f 1490//109 1452//4 1451//48 1489//130
f 1491//153 1453//6 1452//4 1490//109
f 1492//236 1454//6 1453//6 1491//153
f 1493//264 1455//73 1454//6 1492//236
f 1494//3 1456//263 1455//73 1493//264
f 1495//324 1457//593 1456//263 1494//3
f 1496//610 1458//594 1457//593 1495//324
f 1497//585 1459//595 1458//594 1496//610
f 1498//18 1460//25 1459//595 1497//585
f 1499//98 1461//129 1460//25 1498//18
f 1500//611 1462//596 1461//129 1499//98
f 1501//46 1463//597 1462//596 1500//611
f 1502//108 1464//507 1463//597 1501//46
f 1503//330 1465//267 1464//507 1502//108
f 1504//612 1466//598 1465//267 1503//330
f 1505//283 1467//599 1466//598 1504//612
f 1506//299 1468//279 1467//599 1505//283
f 1507//613 1469//600 1468//279 1506//299
f 1508//596 1470//601 1469//600 1507//613
f 1509//98 1471//602 1470//601 1508//596
f 1510//134 1472//6 1471//602 1509//98
f 1511//614 1473//603 1472//6 1510//134
f 1512//615 1474//510 1473//603 1511//614
f 1513//616 1475//604 1474//510 1512//615
f 1514//284 1476//9 1475//604 1513//616
f 1515//607 1477//605 1476//9 1514//284
f 1516//617 1478//606 1477//605 1515//607
f 1517//618 1479//376 1478//606 1516//617
f 1518//437 1480//607 1479//376 1517//618
f 1519//619 1481//608 1480//607 1518//437
f 1520//620 1482//609 1481//608 1519//619
f 1522//79 1484//264 1483//236 1521//15
f 1523//18 1485//324 1484//264 1522//79
f 1524//66 1486//324 1485//324 1523//18
f 1525//130 1487//3 1486//324 1524//66
f 1526//3 1488//3 1487//3 1525//130
f 1527//3 1489//130 1488//3 1526//3
f 1528//366 1490//109 1489//130 1527//3
f 1529//158 1491//153 1490//109 1528//366
f 1530//200 1492//236 1491//153 1529//158
f 1531//306 1493//264 1492//236 1530//200
f 1532//3 1494//3 1493//264 1531//306
f 1533//324 1495//324 1494//3 1532//3
f 1534//621 1496//610 1495//324 1533//324
f 1535//622 1497//585 1496//610 1534//621
f 1536//39 1498//18 1497//585 1535//622
f 1537//623 1499//98 1498//18 1536//39
f 1538//182 1500//611 1499//98 1537//623
f 1539//169 1501//46 1500//611 1538//182
f 1540//339 1502//108 1501//46 1539//169
f 1541//133 1503//330 1502//108 1540//339
f 1542//47 1504//612 1503//330 1541//133
f 1543//199 1505//283 1504//612 1542//47
f 1544//236 1506//299 1505//283 1543//199
f 1545//264 1507//613 1506//299 1544//236
f 1546//199 1508//596 1507//613 1545//264
f 1547//61 1509//98 1508//596 1546//199
f 1548//313 1510//134 1509//98 1547//61
f 1549//614 1511//614 1510//134 1548//313
f 1550//338 1512//615 1511//614 1549//614
f 1551//127 1513//616 1512//615 1550//338
f 1552//375 1514//284 1513//616 1551//127
f 1553//283 1515//607 1514//284 1552//375
f 1554//624 1516//617 1515//607 1553//283
f 1555//625 1517//618 1516//617 1554//624
f 1556//177 1518//437 1517//618 1555//625
f 1557//129 1519//619 1518//437 1556//177
f 1558//127 1520//620 1519//619 1557//129
f 1560//49 1522//79 1521//15 1559//140
f 1561//66 1523//18 1522//79 1560//49
f 1562//206 1524//66 1523//18 1561//66
f 1563//99 1525//130 1524//66 1562//206
f 1564//366 1526//3 1525//130 1563//99
f 1565//442 1527//3 1526//3 1564//366
f 1566//570 1528//366 1527//3 1565//442
f 1567//158 1529//158 1528//366 1566//570
f 1568//127 1530//200 1529//158 1567//158
f 1569//103 1531//306 1530//200 1568//127
f 1570//123 1532//3 1531//306 1569//103
f 1571//172 1533//324 1532//3 1570//123
f 1572//216 1534//621 1533//324 1571//172
f 1573//626 1535//622 1534//621 1572//216
f 1574//140 1536//39 1535//622 1573//626
f 1575//164 1537//623 1536//39 1574//140
f 1576//326 1538//182 1537//623 1575//164
f 1577//142 1539//169 1538//182 1576//326
f 1578//96 1540//339 1539//169 1577//142
f 1579//4 1541//133 1540//339 1578//96
f 1580//130 1542//47 1541//133 1579//4
f 1581//236 1543//199 1542//47 1580//130
f 1582//236 1544//236 1543//199 1581//236
f 1583//153 1545//264 1544//236 1582//236
f 1584//199 1546//199 1545//264 1583//153
f 1585//129 1547//61 1546//199 1584//199
f 1586//627 1548//313 1547//61 1585//129
f 1587//628 1549//614 1548//313 1586//627
f 1588//178 1550//338 1549//614 1587//628
f 1589//103 1551//127 1550//338 1588//178
f 1590//127 1552//375 1551//127 1589//103
f 1591//199 1553//283 1552//375 1590//127
f 1592//130 1554//624 1553//283 1591//199
f 1593//364 1555//625 1554//624 1592//130
f 1594//125 1556//177 1555//625 1593//364
f 1595//9 1557//129 1556//177 1594//125
f 1596//4 1558//127 1557//129 1595//9
f 1598//18 1560//49 1559//140 1597//140
f 1599//150 1561//66 1560//49 1598//18
f 1600//150 1562//206 1561//66 1599//150
f 1601//324 1563//99 1562//206 1600//150
f 1602//148 1564//366 1563//99 1601//324
f 1603//549 1565//442 1564//366 1602//148
f 1604//549 1566//570 1565//442 1603//549
f 1605//104 1567//158 1566//570 1604//549
f 1606//127 1568//127 1567//158 1605//104
f 1607//408 1569//103 1568//127 1606//127
f 1608//407 1570//123 1569//103 1607//408
f 1609//549 1571//172 1570//123 1608//407
f 1610//26 1572//216 1571//172 1609//549
f 1611//45 1573//626 1572//216 1610//26
f 1612//15 1574//140 1573//626 1611//45
f 1613//629 1575//164 1574//140 1612//15
f 1614//630 1576//326 1575//164 1613//629
f 1615//631 1577//142 1576//326 1614//630
f 1616//52 1578//96 1577//142 1615//631
f 1617//49 1579//4 1578//96 1616//52
f 1618//154 1580//130 1579//4 1617//49
f 1619//236 1581//236 1580//130 1618//154
f 1620//236 1582//236 1581//236 1619//236
f 1621//236 1583//153 1582//236 1620//236
f 1622//236 1584//199 1583//153 1621//236
f 1623//104 1585//129 1584//199 1622//236
f 1624//632 1586//627 1585//129 1623//104
f 1625//633 1587//628 1586//627 1624//632
f 1626//375 1588//178 1587//628 1625//633
f 1627//408 1589//103 1588//178 1626//375
f 1628//296 1590//127 1589//103 1627//408
f 1629//634 1591//199 1590//127 1628//296
f 1630//154 1592//130 1591//199 1629//634
f 1631//127 1593//364 1592//130 1630//154
f 1632//635 1594//125 1593//364 1631//127
f 1633//156 1595//9 1594//125 1632//635
f 1634//3 1596//4 1595//9 1633//156
s 0
f 1//636 2//636 1636//636 1635//636
f 1//637 1635//637 1673//637 39//637
f 9//638 10//638 1644//638 1643//638
f 17//638 18//638 1652//638 1651//638
f 25//638 26//638 1660//638 1659//638
f 33//638 34//638 1668//638 1667//638
f 153//637 1679//637 1681//637 191//637
f 305//637 1687//637 1689//637 343//637
f 457//637 1695//637 1697//637 495//637
f 609//637 1703//637 1705//637 647//637
f 761//637 1711//637 1713//637 799//637
f 913//637 1719//637 1721//637 951//637
f 1065//637 1727//637 1729//637 1103//637
f 1217//637 1735//637 1737//637 1255//637
f 1369//637 1743//637 1745//637 1407//637
f 1521//637 1751//637 1753//637 1559//637
f 1601//639 1759//639 1760//639 1602//639
f 1609//639 1767//639 1768//639 1610//639
f 1617//639 1775//639 1776//639 1618//639
f 1625//639 1783//639 1784//639 1626//639
f 1633//639 1791//639 1792//639 1634//639
f 2//638 3//638 1637//638 1636//638
f 10//638 11//638 1645//638 1644//638
f 18//638 19//638 1653//638 1652//638
f 26//638 27//638 1661//638 1660//638
f 34//638 35//638 1669//638 1668//638
f 114//640 152//640 1678//640 1676//640
f 266//3 304//3 1686//3 1684//3
f 418//640 456//640 1694//640 1692//640
f 570//640 608//640 1702//640 1700//640
f 722//640 760//640 1710//640 1708//640
f 874//640 912//640 1718//640 1716//640
f 1026//640 1064//640 1726//640 1724//640
f 1178//640 1216//640 1734//640 1732//640
f 1330//640 1368//640 1742//640 1740//640
f 1482//640 1520//640 1750//640 1748//640
f 1602//639 1760//639 1761//639 1603//639
f 1610//639 1768//639 1769//639 1611//639
f 1618//639 1776//639 1777//639 1619//639
f 1626//639 1784//639 1785//639 1627//639
f 3//638 4//638 1638//638 1637//638
f 11//638 12//638 1646//638 1645//638
f 19//638 20//638 1654//638 1653//638
f 27//638 28//638 1662//638 1661//638
f 35//638 36//638 1670//638 1669//638
f 115//637 1677//637 1679//637 153//637
f 267//637 1685//637 1687//637 305//637
f 419//637 1693//637 1695//637 457//637
f 571//637 1701//637 1703//637 609//637
f 723//637 1709//637 1711//637 761//637
f 875//637 1717//637 1719//637 913//637
f 1027//637 1725//637 1727//637 1065//637
f 1179//637 1733//637 1735//637 1217//637
f 1331//637 1741//637 1743//637 1369//637
f 1483//637 1749//637 1751//637 1521//637
f 1603//639 1761//639 1762//639 1604//639
f 1611//639 1769//639 1770//639 1612//639
f 1619//639 1777//639 1778//639 1620//639
f 1627//639 1785//639 1786//639 1628//639
f 4//638 5//638 1639//638 1638//638
f 12//638 13//638 1647//638 1646//638
f 20//638 21//638 1655//638 1654//638
f 28//638 29//638 1663//638 1662//638
f 36//638 37//638 1671//638 1670//638
f 76//640 114//640 1676//640 1674//640
f 228//3 266//3 1684//3 1682//3
f 380//640 418//640 1692//640 1690//640
f 532//640 570//640 1700//640 1698//640
f 684//640 722//640 1708//640 1706//640
f 836//640 874//640 1716//640 1714//640
f 988//640 1026//640 1724//640 1722//640
f 1140//640 1178//640 1732//640 1730//640
f 1292//640 1330//640 1740//640 1738//640
f 1444//640 1482//640 1748//640 1746//640
f 1604//639 1762//639 1763//639 1605//639
f 1612//639 1770//639 1771//639 1613//639
f 1620//639 1778//639 1779//639 1621//639
f 1628//639 1786//639 1787//639 1629//639
f 1596//640 1634//640 1792//640 1754//640
f 5//638 6//638 1640//638 1639//638
f 13//638 14//638 1648//638 1647//638
f 21//638 22//638 1656//638 1655//638
f 29//638 30//638 1664//638 1663//638
f 37//641 38//641 1672//641 1671//641
f 77//637 1675//637 1677//637 115//637
f 229//637 1683//637 1685//637 267//637
f 381//637 1691//637 1693//637 419//637
f 533//637 1699//637 1701//637 571//637
f 685//637 1707//637 1709//637 723//637
f 837//637 1715//637 1717//637 875//637
f 989//637 1723//637 1725//637 1027//637
f 1141//637 1731//637 1733//637 1179//637
f 1293//637 1739//637 1741//637 1331//637
f 1445//637 1747//637 1749//637 1483//637
f 1597//642 1755//642 1756//642 1598//642
f 1605//639 1763//639 1764//639 1606//639
f 1613//639 1771//639 1772//639 1614//639
f 1621//639 1779//639 1780//639 1622//639
f 1629//639 1787//639 1788//639 1630//639
f 6//638 7//638 1641//638 1640//638
f 14//638 15//638 1649//638 1648//638
f 22//638 23//638 1657//638 1656//638
f 30//638 31//638 1665//638 1664//638
f 38//640 76//640 1674//640 1672//640
f 190//3 228//3 1682//3 1680//3
f 342//640 380//640 1690//640 1688//640
f 494//640 532//640 1698//640 1696//640
f 646//640 684//640 1706//640 1704//640
f 798//640 836//640 1714//640 1712//640
f 950//640 988//640 1722//640 1720//640
f 1102//640 1140//640 1730//640 1728//640
f 1254//640 1292//640 1738//640 1736//640
f 1406//640 1444//640 1746//640 1744//640
f 1558//640 1596//640 1754//640 1752//640
f 1598//639 1756//639 1757//639 1599//639
f 1606//639 1764//639 1765//639 1607//639
f 1614//639 1772//639 1773//639 1615//639
f 1622//639 1780//639 1781//639 1623//639
f 1630//639 1788//639 1789//639 1631//639
f 7//638 8//638 1642//638 1641//638
f 15//638 16//638 1650//638 1649//638
f 23//638 24//638 1658//638 1657//638
f 31//638 32//638 1666//638 1665//638
f 39//637 1673//637 1675//637 77//637
f 191//637 1681//637 1683//637 229//637
f 343//637 1689//637 1691//637 381//637
f 495//637 1697//637 1699//637 533//637
f 647//637 1705//637 1707//637 685//637
f 799//637 1713//637 1715//637 837//637
f 951//637 1721//637 1723//637 989//637
f 1103//637 1729//637 1731//637 1141//637
f 1255//637 1737//637 1739//637 1293//637
f 1407//637 1745//637 1747//637 1445//637
f 1559//637 1753//637 1755//637 1597//637
f 1599//639 1757//639 1758//639 1600//639
f 1607//639 1765//639 1766//639 1608//639
f 1615//639 1773//639 1774//639 1616//639
f 1623//639 1781//639 1782//639 1624//639
f 1631//639 1789//639 1790//639 1632//639
f 8//638 9//638 1643//638 1642//638
f 16//638 17//638 1651//638 1650//638
f 24//638 25//638 1659//638 1658//638
f 32//638 33//638 1667//638 1666//638
f 152//640 190//640 1680//640 1678//640
f 304//640 342//640 1688//640 1686//640
f 456//640 494//640 1696//640 1694//640
f 608//640 646//640 1704//640 1702//640
f 760//640 798//640 1712//640 1710//640
f 912//640 950//640 1720//640 1718//640
f 1064//640 1102//640 1728//640 1726//640
f 1216//640 1254//640 1736//640 1734//640
f 1368//640 1406//640 1744//640 1742//640
f 1520//640 1558//640 1752//640 1750//640
f 1600//639 1758//639 1759//639 1601//639
f 1608//639 1766//639 1767//639 1609//639
f 1616//639 1774//639 1775//639 1617//639
f 1624//639 1782//639 1783//639 1625//639
f 1632//639 1790//639 1791//639 1633//639
